Ondernemingsnummer,BTW nummer,Aannemer,Erkenningsnummer,Straat,Postcode,Gemeente,Beslissingsdatum,Vervaldatum,Categorie/Klassen
0400481821,BE0400 481 821,Les Entreprises Générales Fernand Gillion et fils SA,00074,Rue Saint-Denis 132,B 1190,Forest,11/09/2020,,C (1) C1 (1) C2 (1) D (8) D1 (8) D4 (1) E (5) G (5) G2 (1)
0424905926,BE0424 905 926,VALENS SA,00028,Avenue Brugmann 27,B 1060,Saint-Gilles,10/10/2024,,D (8) D1 (8) D16 (8) D17 (7) D18 (7) D20 (8) D24 (8) D4 (7) E (8) E1 (8) E2 (8) F (7) F2 (7) G (5) G5 (4) P1 (7) P2 (5) P3 (5) S1 (5)
0463894481,BE0463 894 481,FRANKI  CONSTRUCT SA,00013,Chemin des Moissons 10,B 4400,Flémalle,17/02/2020,,A (5) B (8) B1 (8) C (8) C1 (8) C5 (5) D (8) D1 (8) D24 (1) D4 (6) E (8) E1 (8) E2 (8) F (8) F2 (8) G (8) G3 (5) H (8) P1 (8) P2 (6) P3 (6) S1 (6) V (7)
0405829588,BE0405 829 588,Les Entreprises Louis De Waele SA,00031,Chaussée de La Hulpe 185,B 1170,Watermael-Boitsfort,19/11/2021,,D (8) D1 (8) D10 (6) D11 (6) D13 (5) D16 (8) D17 (8) D18 (8) D20 (8) D21 (4) D24 (8) D25 (5) D4 (8) D5 (8) E (8) E1 (8) F (6) F2 (6) G (5) N1 (7) P1 (8) P2 (6) P3 (6) S1 (6)
0416585801,BE0416 585 801,Denys NV,00114,Industrieweg 124,B 9032,Gent,03/10/2023,,A (5) B (8) B1 (8) C (8) C1 (8) C2 (8) C5 (5) C6 (8) C7 (8) D (8) D1 (8) D10 (5) D11 (6) D12 (5) D13 (5) D14 (7) D16 (8) D17 (6) D18 (8) D20 (7) D21 (6) D22 (5) D23 (7) D24 (8) D25 (5) D4 (7) D5 (8) D6 (6) E (8) E1 (8) E2 (8) E4 (8) G (8) G1 (8) G2 (6) H (8) H1 (4) H2 (5) L (8) L1 (8) P1 (8) P2 (6) P3 (6) S1 (6)
0405073285,BE0405 073 285,Van Laere NV,00102,Antwerpsesteenweg 320,B 2070,Zwijndrecht,13/03/2023,,C (5) C1 (5) C5 (2) D (8) D1 (8) D16 (6) D17 (7) D18 (6) D20 (8) D24 (8) D4 (8) D5 (6) E (8) E1 (8) F (7) F2 (7) G (8) P1 (7) P2 (5) P3 (5) S1 (5)
0440757607,BE0440 757 607,AANNEMINGEN M. EN J. BRAET NV,00066,Toevluchtweg 2,B 8620,Nieuwpoort,13/07/2022,,A (4) B (7) B1 (7) D (7) D1 (7) D21 (7) E (4) G (4)
0401722926,BE0401 722 926,Lixon SA,00077,Quai de la Darse 14,B 6030,Charleroi,13/02/2023,,C (4) C1 (4) C5 (1) D (8) D1 (8) D10 (5) D11 (5) D13 (4) D15 (3) D16 (6) D17 (4) D18 (6) D20 (5) D21 (3) D22 (3) D24 (8) D25 (4) D29 (4) D4 (6) D5 (7) D6 (3) D7 (5) D8 (5) E (8) E1 (8) F (3) F2 (3) G (5) G5 (5) P1 (6) P2 (4) P3 (4) S1 (4)
0402375301,BE0402 375 301,Bétons et Matériaux SA,00070,Rue du Rond Point 243,B 6060,Charleroi,22/05/2024,,D (7) D1 (7) D10 (1) D11 (1) D12 (1) D13 (1) D16 (1) D17 (1) D18 (1) D20 (1) D21 (1) D22 (1) D25 (1) D29 (1) D4 (1) D5 (1) D7 (1) D8 (1) E (4) F3 (1) G (5) G3 (1) G5 (1) P1 (1)
0405299355,BE0405 299 355,VAN HUELE NV,00185,Zandvoordestraat 453,B 8400,Oostende,08/09/2023,,A (5) B (8) B1 (8) C (4) C1 (4) C5 (3) D (8) D1 (8) D21 (8) D24 (1) E (5) G (5)
0405791778,BE0405 791 778,Mols Contractors NV,00296,Hoge Mauw 580,B 2370,Arendonk,13/06/2022,,C (8) C1 (8) C5 (5) D (6) D1 (6) E (8) E1 (8) F (6) F1 (1) F2 (6) G (5) V (8)
0403907307,BE0403 907 307,Entreprises Gilles Moury SA,00246,Rue des Anglais 6A,B 4430,Ans,13/11/2023,,D (8) D1 (8) D10 (5) D11 (6) D15 (4) D20 (8) D22 (5) D24 (1) D29 (5) D4 (7) D7 (5) D8 (6) E (5) F (5) F2 (5) G (6) G5 (6) P1 (8) P2 (6) P3 (6) S1 (6)
0428661806,BE0428 661 806,ALGEMENE ONDERNEMINGEN ROBERT WYCKAERT NV,00259,Ottergemsesteenweg 415,B 9000,Gent,12/01/2021,,C (6) C1 (6) C5 (3) D (8) D1 (8) D16 (7) D17 (7) D18 (7) D20 (8) D4 (8) D5 (8) D8 (7) E (8) E1 (8) E2 (8) F (7) F2 (7) G (7) G5 (6) P1 (8) P2 (6) P3 (6) S1 (6)
0439480076,BE0439 480 076,ETS E. RONVEAUX SA,00302,Rebonmoulin 16,B 5590,Ciney,08/03/2021,,C6 (7) D (8) D1 (8) E (5) G (5) P1 (6) P2 (8) P3 (8) S1 (6) S2 (5) S3 (8)
0414011737,BE0414 011 737,BOUWBEDRIJF WILLEMS & C° NV,16533,Nijverheidsstraat 26,B 2260,Westerlo,13/06/2022,,C1 (1) D (6) D1 (6) D5 (1) E (3) G (3)
0442280903,BE0442 280 903,SOCOGETRA SA,00324,Rue Joseph-Calozet 11,B 6870,Saint-Hubert,10/06/2020,,A (5) B (8) B1 (8) C (8) C1 (8) C2 (6) C3 (7) C5 (8) C6 (5) D (8) D1 (8) E (8) E1 (8) E2 (6) E4 (8) G (8) G1 (6) G2 (7) G3 (5) G4 (3) G5 (7) H (8) L (5) P1 (5) P2 (7) P3 (5) S1 (5) V (8)
0412870996,BE0412 870 996,DE BRANDT NV,00499,Sint Ursmarusstraat 23,B 9200,Dendermonde,09/11/2023,,A (8) B (8) B1 (8) C (6) C1 (6) C5 (3) D (8) D1 (8) E (8) E1 (8) E2 (8) F (5) F2 (5) G (5) G1 (7)
0400983152,BE0400 983 152,Vanderstraeten NV,00653,Europaweg 11,B 3560,Lummen,13/06/2022,,C (5) C1 (5) C5 (2) D (8) D1 (8) D16 (8) D17 (8) D18 (7) D20 (8) D24 (7) D4 (8) D5 (8) E (5) G (6) N (5) P1 (8) P2 (6) P3 (6) S1 (6)
0400082042,BE0400 082 042,Artes Depret NV,00492,Rederskaai 61 bus .0301,B 8380,Brugge,11/04/2023,,A (8) A1 (5) B (8) B1 (8) C (8) C1 (8) C5 (5) D (8) D1 (8) D10 (8) D11 (7) D16 (8) D17 (8) D18 (8) D20 (8) D4 (8) D5 (8) D8 (7) E (8) E1 (8) E2 (8) F (8) F2 (8) G (7) G3 (5) G5 (7) N1 (6) P1 (8) P2 (6) P3 (6) S1 (6)
0402387573,BE0402 387 573,Entreprises Cop et Portier SA,00448,Rue des Awirs 270,B 4400,Flémalle,10/07/2024,,A (1) B (1) B1 (1) C (8) C1 (8) C2 (1) C5 (5) C6 (1) D (8) D1 (8) D21 (1) D24 (1) D29 (1) E (8) E1 (8) G (5) G2 (1) G5 (1)
0401818144,BE0401 818 144,ENTREPRISES GENERALES DHERTE SA,00579,Rue Lieutenant Cotton 15,B 7880,Flobecq,11/03/2024,,C (6) C1 (6) C5 (3) D (8) D1 (8) D10 (6) D11 (6) D12 (4) D13 (5) D15 (3) D16 (8) D17 (7) D18 (7) D20 (8) D21 (2) D22 (5) D23 (3) D24 (7) D25 (5) D29 (5) D4 (7) D5 (8) D7 (6) D8 (6) E (5) E1 (1) E2 (5) F (5) F2 (5) G (6) G3 (2) G5 (5) N1 (5) P1 (8) P2 (6) P3 (6) S1 (6) V (1)
0434556832,BE0434 556 832,DECKX ALGEMENE ONDERNEMINGEN NV,00680,Goormansdijk 15,B 2480,Dessel,24/01/2023,,C (8) C1 (8) C2 (6) C3 (3) C5 (8) C7 (5) D (8) D1 (8) E (8) E1 (8) G (5) G3 (4) V (8)
0405619851,BE0405 619 851,Entreprises générales Louis DUCHENE SA,00752,Route de Strée 44,B 4577,Modave,05/07/2023,,A (5) B (8) B1 (8) C (8) C1 (8) C5 (5) D (8) D1 (8) D20 (8) D21 (6) D24 (8) D4 (8) D5 (8) D7 (7) E (8) E1 (8) E2 (8) F (8) F2 (8) G (8) G5 (8) H (8) H2 (8) L (5) L1 (4) L2 (5) P1 (8) P2 (6) P3 (6) S1 (6) V (8)
0441337825,BE0441 337 825,MONUMENT - VANDEKERCKHOVE NV,00763,Oostrozebekestraat 54,B 8770,Ingelmunster,16/09/2019,,D (8) D1 (8) D10 (7) D11 (6) D12 (7) D13 (6) D14 (6) D16 (6) D17 (8) D18 (7) D20 (7) D21 (8) D22 (7) D23 (8) D24 (8) D4 (7) D5 (8) D6 (8) D7 (4) E (5) E2 (5) F (6) F1 (6) F2 (6) G (5) G5 (6) P1 (8) P2 (6) P3 (6) S1 (6)
0406041406,BE0406 041 406,Jan De Nul NV,00960,Tragel 60,B 9308,Aalst,11/04/2022,,A (8) A1 (8) B (8) B1 (8) C (8) C1 (8) C2 (8) C5 (8) C7 (8) D (8) D1 (8) D16 (8) D17 (8) D18 (8) D20 (6) E (8) E1 (8) E2 (8) E4 (8) F (8) F2 (8) G (8) G1 (5) G2 (8) G3 (7) G5 (8) K1 (8) K3 (8) L (8) L2 (8) P1 (8) P2 (8) P3 (6) S1 (6) U (8) V (8)
0402443595,BE0402 443 595,Etablissements Jean Wust SA,00926,Rue Grondal 14,B 4890,Thimister-Clermont,12/09/2023,,C (3) C1 (3) C5 (3) D (8) D1 (8) D10 (4) D11 (4) D12 (1) D16 (4) D17 (4) D18 (3) D20 (5) D21 (2) D22 (4) D24 (8) D29 (4) D4 (6) D5 (7) D6 (1) D7 (4) E (8) E1 (8) F (8) F2 (8) G (5) G5 (5) P1 (6) P2 (4) P3 (4) S1 (4) V (8)
0433353438,BE0433 353 438,HERPAIN ENTREPRISE SA,00846,Avenue des Statuaires 43,B 1180,Uccle,01/12/2020,,D (7) D1 (7) E (4) G (4)
0416669933,BE0416 669 933,HOUBEN NV,00915,Prins-Bisschopssingel 36 bus 5,B 3500,Hasselt,08/09/2023,,C (6) C1 (6) C5 (3) D (8) D1 (8) D10 (6) D11 (1) D13 (4) D17 (7) D18 (7) D20 (8) D21 (1) D24 (1) D25 (5) D29 (4) D4 (8) D5 (7) D8 (1) E (5) G (5) G5 (1) P1 (8) P2 (6) P3 (6) S1 (6)
0439714361,BE0439 714 361,VANHOUT NV,00981,Lammerdries 12,B 2440,Geel,03/10/2023,,C (8) C1 (8) C5 (5) D (8) D1 (8) D10 (6) D16 (8) D17 (8) D18 (7) D20 (8) D4 (6) D5 (8) E (8) E1 (8) E2 (6) F (5) F2 (5) G (5) N1 (6) P1 (8) P2 (6) P3 (6) S1 (6)
0408081176,BE0408 081 176,Algemene Ondernemingen Himpe NV,01264,Autobaan 16,B 8210,Zedelgem,13/06/2022,,B (1) B1 (1) C (1) C1 (1) D (7) D1 (7) D10 (1) D24 (7) D5 (1) E (4) F (1) F2 (1) G (4)
0406282223,BE0406 282 223,Entreprises  Favier SA,01045,Rue Albert Mille 19,B 7740,Pecq,18/04/2018,,C (5) C1 (5) C5 (2) D (7) D1 (7) D12 (1) D20 (3) D21 (1) D22 (1) D23 (1) D24 (5) D4 (1) D5 (5) D8 (1) E (5) E1 (5) G (4) V (1)
0415486929,BE0415 486 929,Entreprises Bajart SA,01074,Rue de l'Innovation 7,B 5020,SUARLEE,08/03/2021,,D (7) D1 (7) D10 (4) D11 (4) D12 (5) D13 (4) D14 (2) D15 (2) D16 (5) D17 (4) D18 (5) D20 (5) D21 (4) D22 (4) D23 (6) D24 (7) D25 (5) D29 (3) D4 (6) D5 (6) D6 (5) D7 (4) D8 (3) E (5) E1 (5) F (3) F1 (2) F2 (3) G (4) G5 (5) N1 (3) P1 (5) P2 (3) P3 (3) S1 (3)
0406707241,BE0406 707 241,Bouwbedrijf Meekers NV,01307,Beekweg 5,B 3700,Tongeren,13/07/2022,,D (6) D1 (6) D10 (4) D5 (5) E (3) G (3)
0403827529,BE0403 827 529,Bouwbedrijf Floré NV,01239,Schaarbeekstraat 21,B 9120,Beveren,06/07/2021,,D (7) D1 (7) D20 (7) D21 (7) D24 (1) D4 (6) D5 (6) E (4) G (4) G5 (6) U (1) V (1)
0411630683,BE0411 630 683,REYNDERS NV,01375,Centrum-Zuid 2049,B 3530,Houthalen-Helchteren,13/07/2022,,C (1) C1 (1) C5 (1) D (8) D1 (8) D16 (3) D17 (5) D18 (4) D20 (4) D24 (1) D4 (6) D5 (8) D8 (1) E (5) F (4) F2 (4) G (5) P1 (5) P2 (3) P3 (3) S1 (3)
0433430444,BE0433 430 444,BOUWBEDRIJF VMG - DE COCK NV,18549,Industriepark-West 55,B 9100,Sint-Niklaas,08/09/2023,,C1 (1) D (7) D1 (7) D5 (5) E (4) G (4)
0404280459,BE0404 280 459,Algemene Ondernemingen E.G. VERSTRAETE & VANHECKE NV,01227,Fotografielaan 24,B 2610,Antwerpen,07/02/2024,,D (7) D1 (7) D14 (5) D21 (5) D23 (8) D24 (7) D5 (6) D6 (5) E (4) G (4)
0405800983,BE0405 800 983,Artes Roegiers NV,01478,Burchtstraat 89,B 9150,Kruibeke,12/01/2022,,A (5) B (8) B1 (8) C (8) C1 (8) C5 (5) D (8) D1 (8) D16 (8) D17 (7) D18 (8) D20 (8) D24 (8) D4 (8) D5 (8) E (8) E1 (8) E2 (8) F (8) F2 (8) G (6) G5 (7) H (4) P1 (8) P2 (6) P3 (6) S1 (6)
0404358950,BE0404 358 950,Entreprises André HOUYOUX SA,01458,Chaussée de Rochefort 29,B 6900,Marche-en-Famenne,11/01/2024,,D (8) D1 (8) D10 (4) D11 (1) D13 (1) D22 (2) D24 (1) D4 (5) D5 (5) D7 (1) E (5) F (5) F2 (5) G (5) P1 (5) P2 (3) P3 (3) S1 (3)
0457184358,BE0457 184 358,BOUWBEDRIJF KEULEN HENRI NV,23549,Smisstraat 7,B 3620,Lanaken,10/09/2024,,C (1) C1 (1) C2 (1) D (7) D1 (7) D20 (1) D24 (1) D29 (1) D5 (1) E (6) E1 (6) G (4) G5 (1)
0425702910,BE0425 702 910,EQUANS NV,01671,Koning Albert II-laan 19,B 1210,Sint-Joost-ten-Node,17/06/2024,,C (8) C1 (8) C2 (8) C3 (6) C5 (5) C6 (8) C7 (7) D (7) D1 (7) D16 (8) D17 (8) D18 (8) D4 (7) E (8) E1 (8) F (8) F1 (8) F2 (8) F3 (8) G (5) H (8) H2 (8) K (8) K1 (8) K2 (7) K3 (8) L (8) L1 (8) L2 (8) M (7) M1 (8) N (8) N2 (8) P1 (8) P2 (8) P3 (8) P4 (8) S (8) S1 (8) S2 (8) S3 (8) S4 (8) T2 (6) T3 (8) U (8) V (8)
0405096150,BE0405 096 150,DE BRUGSE ALGEMENE BOUWONDERNEMING NV,01916,Peter Benoitlaan 53,B 8200,Brugge,17/11/2022,,D (6) D1 (6) D24 (1) D4 (5) D5 (6) E (3) G (3)
0417907771,BE0417 907 771,S.A. JEAN CONVENTS A.G. - ENTREPRISES GENERALES - ALLGEMEINE BAUUNTERNEHMUNG SA,01878,Simarstrasse 36,B 4700,Eupen,05/06/2023,,C (1) C1 (1) D (7) D1 (7) D24 (1) E (6) E1 (6) G (4)
0404207116,BE0404 207 116,vanhout.pro NV,02139,Everdongenlaan 6,B 2300,Turnhout,04/02/2021,,D (8) D1 (8) D24 (1) D4 (5) D5 (8) E (5) F2 (2) G (5)
0404157725,BE0404 157 725,Huybreckx NV,02146,Kastelein 57,B 2300,Turnhout,14/04/2020,,D (7) D1 (7) D24 (1) D5 (5) E (4) G (4)
0402771813,BE0402 771 813,BOUW- EN HOUTONDERNEMING VERSTRAETE NV,02078,Zwaaikomstraat 34,B 8800,Roeselare,05/03/2024,,C (1) C1 (1) D (8) D1 (8) D10 (4) D11 (4) D20 (5) D23 (5) D24 (8) D5 (8) E (5) G (5) G5 (4)
0427517602,BE0427 517 602,Coussée Bouw NV,03044,Industrieweg 74,B 8800,Roeselare,08/05/2021,,C (1) C1 (1) D (8) D1 (8) D5 (7) E (5) G (5)
0405079225,BE0405 079 225,Verplancke Algemene Bouwwerken NV,01749,Molenstraat 91,B 9130,Beveren,12/01/2022,,C (1) C1 (1) C2 (1) D (6) D1 (6) D10 (1) D11 (1) D15 (1) D16 (1) D17 (1) D18 (1) D20 (1) D21 (1) D24 (1) D4 (1) D5 (1) E (3) F (1) F2 (1) G (3) G5 (1) P1 (1)
0413224849,BE0413 224 849,Bouwonderneming Covemaeker NV,01965,Kleine Dries 12,B 8600,Diksmuide,13/09/2022,,D (7) D1 (7) E (4) G (4)
0407232625,BE0407 232 625,Entreprises HOMEL Frères SRL,01805,Rue de la Tannerie 19,B 6810,Chiny,19/12/2022,,C (4) C1 (4) C2 (1) C5 (1) C6 (1) D (6) D1 (6) D11 (1) D21 (3) D24 (4) E (3) E1 (1) G (3) G1 (1) G2 (1) G3 (1) V (1)
0412452908,BE0412 452 908,VANDEBOS ALGEMENE BOUWONDERNEMING NV,01968,Bisschopsweyerstraat 17,B 3570,Alken,04/07/2023,,C (6) C1 (6) C5 (3) D (7) D1 (7) D10 (5) D11 (3) D13 (1) D20 (5) D21 (1) D24 (6) D5 (6) E (4) G (4) G5 (6)
0424342534,BE0424 342 534,DELMULLE NV,17178,Waregemseweg 146,B 9790,Wortegem-Petegem,08/05/2021,,D (8) D1 (8) E (5) G (5)
0404114173,BE0404 114 173,AB-Eiffage NV,02810,Bouwensstraat 21,B 2140,Antwerpen,03/10/2023,,A (5) B (8) B1 (8) C (8) C1 (8) C5 (5) D (8) D1 (8) D24 (1) E (8) E1 (8) F (8) F2 (8) G (6) G5 (5) H (1) P1 (1)
0447050630,BE0447 050 630,BOUWONDERNEMING DAMMAN NV,18689,Breestraat 19,B 8540,Deerlijk,08/09/2023,,C (4) C1 (4) C5 (1) D (8) D1 (8) D10 (4) D11 (4) D12 (4) D16 (6) D18 (4) D20 (6) D22 (2) D4 (4) D5 (6) D7 (1) D8 (4) E (5) G (5) G3 (2) P1 (5) P2 (3) P3 (3) S1 (3)
0419962686,BE0419 962 686,ROMEL BOUWBEDRIJF NV,17669,Nijverheidslaan 4a,B 8560,Wevelgem,04/05/2023,,D (6) D1 (6) D24 (4) E (3) G (3)
0405013602,BE0405 013 602,CORDEEL ZETEL TEMSE NV,02369,Frank Van Dyckelaan 15,B 9140,Temse,07/03/2022,,A (4) B (7) B1 (7) C (8) C1 (8) C5 (5) D (8) D1 (8) D10 (7) D16 (8) D17 (8) D18 (8) D4 (8) D5 (8) E (8) E1 (8) E2 (7) F (8) F2 (8) F3 (5) G (5) G3 (3) G5 (8) H (3) N1 (6) P1 (8) P2 (6) P3 (6) S1 (6)
0405175235,BE0405 175 235,Algemene Bouw Deblaere BV,02734,Rozendalestraat 47,B 8750,Wingene,07/02/2024,,D (7) D1 (7) E (4) G (4)
0405435056,BE0405 435 056,Persyn NV,02677,Blokellestraat 113A,B 8550,Zwevegem,17/11/2022,,A (3) B (6) B1 (6) C (8) C1 (8) C2 (8) C3 (1) C5 (5) C6 (1) D (8) D1 (8) D10 (1) D11 (1) D12 (1) D21 (1) D4 (1) D6 (1) E (8) E1 (8) E2 (5) E4 (6) F (5) F2 (5) G (5) G2 (1) G3 (4) G4 (1) G5 (4) H (1) L (1) P1 (4) P2 (6) P3 (4) S1 (4) V (8)
0416595204,BE0416 595 204,BOUWBEDRIJF EMILE ROMBAUT NV,30154,Industrielaan 13,B 1740,Ternat,16/04/2021,,D (6) D1 (6) E (3) G (3)
0439280435,BE0439 280 435,APK Wegenbouw NV,#9303,Winkelomseheide 217 Bus A,B 2440,Geel,03/10/2023,11/05/2025,D (8) D1 (8)
0444760242,BE0444 760 242,HEMAR CONSTRUCT NV,21001,Heuvelstraat 30C,B 3840,Borgloon,02/06/2021,,D (6) D1 (6) D10 (1) D11 (1) D12 (1) D13 (1) D16 (1) D20 (1) D21 (1) D22 (1) D5 (1) D6 (1) D8 (1) E (3) G (3)
0417029625,BE0417 029 625,Vandendorpe Arthur NV,24648,Molendamstraat 4,B 8210,Zedelgem,05/11/2020,,D (6) D1 (6) D10 (1) D12 (1) D14 (1) D15 (1) D16 (1) D21 (6) D22 (1) D23 (6) D24 (6) D5 (5) D6 (2) D7 (3) D8 (1) E (3) G (3) G5 (1)
0401544861,BE0401 544 861,Entreprises Koeckelberg SA,03349,Rue Noël Sart-Culpart 44,B 6060,Charleroi,19/04/2021,,C (6) C1 (6) C5 (3) D (8) D1 (8) D13 (1) D16 (1) D17 (1) D20 (1) D21 (1) D22 (1) D24 (1) D29 (1) D4 (1) D5 (6) D7 (4) D8 (1) E (7) E1 (7) G (5) G5 (5)
0414100918,BE0414 100 918,Meersman Bouwbedrijf NV,03344,Steenkaaistraat 20,B 9200,Dendermonde,04/07/2023,,D (6) D1 (6) E (3) G (3)
0405590256,BE0405 590 256,PEREMANS NV,03421,Zinkstraat 13,B 1500,Halle,17/11/2022,,D (6) D1 (6) E (3) G (3)
0403977284,BE0403 977 284,Les Entreprises Yvo Rinaldi SA,05675,Rue de Flémalle-Grande 33 - 35,B 4400,Flémalle,09/11/2020,,D (6) D1 (6) D10 (3) D11 (5) D13 (6) D21 (5) D25 (6) D29 (5) D4 (6) E (3) F3 (6) G (3)
0403709149,BE0403 709 149,Algemene Bouwonderneming Cogghe en Cie NV,03554,Nijverheidsstraat 106,B 2160,Wommelgem,13/03/2023,,D (6) D1 (6) D5 (3) E (3) G (3)
0425146545,BE0425 146 545,H.P. LINDEN SRL,03531,Bahnhofstrasse 27,B 4780,Saint-Vith,23/10/2019,,D (7) D1 (7) E (4) F2 (7) G (4)
0407924986,BE0407 924 986,Elsen SA,04014,Heppenbach 41,B 4770,Amblève,21/11/2022,,A (1) B (1) B1 (1) C (6) C1 (6) C2 (5) C5 (3) C6 (1) C7 (1) D (6) D1 (6) D10 (1) D11 (1) D14 (1) D29 (1) D5 (1) D8 (1) E (6) E1 (6) E2 (1) E4 (1) G (3) G2 (1) G3 (1) G4 (1) G5 (3)
0427302321,BE0427 302 321,CORDEEL ZETEL HOESELT NV,04240,Industrielaan 18,B 3730,Hoeselt,16/10/2019,,C (8) C1 (8) C5 (8) D (8) D1 (8) D24 (1) E (8) E1 (8) G (7) V (8)
0422303257,BE0422 303 257,Bouwbedrijf Vandersmissen NV,04405,Terbermenweg 64,B 3540,Herk-de-Stad,05/03/2024,,C (4) C1 (4) C5 (1) D (7) D1 (7) D10 (1) D12 (1) D22 (1) D24 (1) D5 (1) D6 (1) D8 (1) E (4) G (4) G5 (1)
0416505132,BE0416 505 132,BOUWONDERNEMING LAMERS NV,04451,Bosstraat 189A,B 3930,Hamont-Achel,12/01/2022,,D (7) D1 (7) D10 (1) D12 (1) D20 (1) D22 (1) D24 (1) D4 (1) D5 (1) D8 (1) E (4) G (4)
0425283929,BE0425 283 929,DE WITTE-VANDECAVEYE BV,#9602,Verrekijker 44,B 8750,Wingene,01/08/2023,31/03/2025,D (7) D1 (7)
0405344885,BE0405 344 885,KORDEKOR NV,07802,Evolis 76,B 8500,Kortrijk,01/12/2021,,D (6) D1 (6) D13 (5) D15 (1) D21 (1) D23 (1) D24 (1) D25 (1) D29 (1) D4 (1) D5 (5) E (3) G (3)
0435112207,BE0435 112 207,CIT BLATON SA,04939,Avenue Jean Jaurès 50,B 1030,Schaerbeek,19/09/2024,,C (7) C1 (7) C5 (4) D (8) D1 (8) D10 (6) D11 (5) D13 (5) D14 (7) D16 (8) D17 (8) D18 (8) D20 (8) D22 (4) D24 (8) D25 (8) D29 (5) D4 (8) D5 (8) D6 (4) D7 (7) D8 (6) E (8) E1 (8) E2 (8) F (8) F2 (8) G (8) G2 (4) G5 (6) N1 (5) P1 (8) P2 (7) P3 (6) S1 (6)
0425342624,BE0425 342 624,BPC Group SA,18628,Chaussée de La Hulpe 166,B 1170,Watermael-Boitsfort,11/06/2021,,C (3) C1 (3) D (8) D1 (8) D10 (5) D11 (5) D12 (5) D13 (4) D16 (8) D17 (8) D18 (8) D20 (8) D21 (5) D22 (2) D24 (8) D25 (8) D4 (8) D5 (8) D6 (7) D7 (5) D8 (5) E (5) E2 (7) F (7) F2 (7) G (7) G5 (6) N1 (8) P1 (8) P2 (6) P3 (6) S1 (6)
0403857520,BE0403 857 520,Bouwbedrijf J. Valckenborgh BV,05459,Starrenhoflaan 5,B 2950,Kapellen,11/04/2022,,C1 (1) C3 (1) D (6) D1 (6) D10 (1) D20 (1) D21 (1) D4 (1) D5 (5) E (3) E1 (1) G (3) G1 (1) V (1)
0416178005,BE0416 178 005,ALGEMENE ONDERNEMING DRIESEN NV,05352,Stuifzandstraat 36,B 3900,Overpelt,07/03/2022,,D (8) D1 (8) D10 (5) D11 (4) D12 (1) D13 (3) D14 (2) D16 (5) D17 (6) D18 (5) D20 (6) D24 (1) D25 (3) D4 (6) D5 (7) D6 (1) D8 (5) E (5) G (5) P1 (6) P2 (4) P3 (4) S1 (4)
0442814502,BE0442 814 502,Govaere Bouw NV,18649,Pieter Verhaeghestraat 22,B 8520,Kuurne,16/04/2021,,D (7) D1 (7) E (4) G (4)
0407002694,BE0407 002 694,Bouwwerken Gebroeders Van Velthoven BV,05810,Hofdreef 5,B 2990,Wuustwezel,10/11/2021,,D (6) D1 (6) D10 (1) D11 (1) D20 (1) D4 (1) D5 (4) E (3) G (3) G5 (1)
0400071649,BE0400 071 649,Beddeleem NV,15412,Venecoweg 14A,B 9810,Nazareth,13/09/2022,,D (8) D1 (8) D10 (4) D11 (7) D13 (4) D14 (7) D16 (1) D18 (5) D20 (8) D24 (1) D25 (5) D29 (3) D4 (8) D5 (8) D8 (4) E (5) G (5) P1 (7) P2 (5) P3 (5) S1 (5)
0444916927,BE0444 916 927,MERTENS BOUWONDERNEMING NV,27953,Hendrik Heymanstraat 18,B 3920,Lommel,05/03/2024,,D (6) D1 (6) D20 (6) D4 (4) D5 (6) E (3) G (3)
0405360921,BE0405 360 921,Potteau NV,06448,Zuidstraat 30,B 8501,Kortrijk,09/11/2023,,D (6) D1 (6) D10 (1) D11 (1) D12 (1) D13 (1) D15 (1) D16 (7) D17 (1) D18 (1) D20 (7) D22 (1) D23 (1) D24 (1) D25 (1) D29 (1) D4 (1) D5 (8) D7 (1) D8 (1) E (3) G (3) P1 (1) P2 (1)
0436672125,BE0436 672 125,Entreprise Générale Gustave et Yves LIEGEOIS SA,16689,Cour Lemaire 13,B 4651,Herve,15/05/2024,,C (1) C1 (1) D (6) D1 (6) D10 (1) D11 (1) D12 (1) D14 (1) D20 (1) D21 (4) D23 (5) D24 (6) D5 (5) D6 (1) D7 (1) D8 (1) E (3) G (3) G5 (1)
0413607406,BE0413 607 406,Algemene Bouwondernemingen Marcel Everaert-Cooreman NV,06662,Kruisstraat 12,B 9290,Berlare,01/12/2021,,D (8) D1 (8) E (5) G (5)
0419844605,BE0419 844 605,BOUWBEDRIJF WIENEN NV,16898,Oude Weg 39,B 9991,Maldegem,03/10/2023,,D (7) D1 (7) D11 (3) D16 (3) D5 (5) E (4) G (4)
0449710707,BE0449 710 707,Artes TWT SA,19908,Rue Géron 41,B 5300,Andenne,04/12/2023,,A (4) B (7) B1 (7) C (7) C1 (7) C5 (4) D (7) D1 (7) D16 (6) D17 (6) D18 (6) D24 (5) E (7) E1 (7) F (6) F2 (6) G (4) P1 (6) P2 (4) P3 (4) S1 (4)
0427578374,BE0427 578 374,BOUW- EN CONSTRUCTIEWERKEN SWINNEN BV,19946,Metaalstraat 11,B 2490,Balen,11/10/2021,,C (6) C1 (6) C2 (2) C5 (3) D (6) D1 (6) D10 (1) D11 (1) D12 (1) D21 (1) D29 (1) D5 (1) D8 (1) E (6) E1 (6) F (1) F1 (1) F2 (4) G (3) G2 (1) G5 (1)
0412137756,BE0412 137 756,Algemene Ondernemingen August Van Cauter NV,07022,Moorstraat 20 bus 1,B 2870,Puurs,01/12/2021,,D (6) D1 (6) D10 (1) E (3) G (3) G5 (1)
0422317016,BE0422 317 016,Bekaert Building Company NV,07362,Eugène Bekaertlaan 51,B 8790,Waregem,13/09/2022,,C (5) C1 (5) C5 (2) D (8) D1 (8) D10 (5) D11 (5) D12 (5) D13 (4) D14 (6) D16 (6) D17 (4) D18 (5) D20 (6) D21 (5) D25 (5) D29 (4) D4 (5) D5 (8) D8 (4) E (5) E2 (5) F (5) F2 (5) G (5) G3 (2) G5 (5) N1 (3) P1 (5) P2 (3) P3 (3) S1 (3)
0400754114,BE0400 754 114,Van Buggenhout BV,07402,Vinnekenstraat 22,B 1880,Kapelle-op-den-Bos,17/02/2020,,D (6) D1 (6) D10 (1) D11 (1) D12 (1) D15 (1) D16 (1) D17 (1) D18 (1) D22 (1) D4 (1) D5 (1) D6 (1) D8 (1) E (3) G (3) G5 (1) P1 (1)
0419222716,BE0419 222 716,Georges Corman - Halleux et fils SPRL,15956,Rue de l'Agolina 4,B 4650,Herve,14/09/2022,,C (1) C1 (1) C2 (1) C5 (1) C6 (1) D (6) D1 (6) D10 (1) D11 (1) D12 (1) D14 (1) D15 (1) D16 (1) D20 (1) D21 (1) D22 (1) D4 (1) D5 (5) D8 (1) E (3) E2 (1) F (1) F1 (1) F2 (1) G (3) G2 (1) G5 (1)
0414977777,BE0414 977 777,Bouwonderneming Haex NV,07513,Klein-Heidestraat 25,B 3670,Meeuwen-Gruitrode,08/05/2021,,C (5) C1 (5) C5 (2) D (7) D1 (7) D10 (5) D11 (5) D12 (3) D16 (6) D17 (6) D18 (5) D20 (6) D24 (1) D4 (5) D5 (5) D8 (5) E (5) E1 (5) G (4) P1 (6) P2 (4) P3 (4) S1 (4)
0402973335,BE0402 973 335,FRANKI SA,07596,Chemin des Moissons 10,B 4400,Flémalle,24/09/2024,,D (8) D1 (8) D13 (5) D16 (7) D17 (5) D18 (6) D20 (6) D29 (5) D4 (6) D5 (7) D7 (4) D8 (6) E (8) E1 (8) G (6) G5 (3) P1 (7) P2 (5) P3 (5) S1 (5)
0402528323,BE0402 528 323,DE GRAEVE ENTREPRISES GENERALES SA,07737,Avenue Reine Elisabeth 16,B 5000,Namur,19/12/2022,,A (3) B (6) B1 (6) C (3) C1 (3) D (6) D1 (6) D21 (4) D5 (2) E (6) E1 (6) F (5) F2 (5) G (3)
0445954134,BE0445 954 134,ALGEMENE ONDERNEMINGEN HERMANS en Co NV,24920,Nijverheidslaan 116,B 3620,Lanaken,20/03/2020,,C (6) C1 (6) C5 (3) D (6) D1 (6) E (3) G (3)
0403720433,BE0403 720 433,Gravo NV,07901,Ruiterijschool 14,B 2930,Brasschaat,13/05/2024,,C (1) C1 (1) C2 (7) C6 (6) D (7) D1 (7) D11 (1) D12 (1) D16 (1) D17 (1) D22 (1) D5 (1) D8 (1) E (6) E1 (6) G (4) G1 (1) G5 (1) L1 (1) P1 (6) P2 (4) P3 (4) S1 (4)
0403650949,BE0403 650 949,Ondernemingen Morel BV,30488,Provinciesteenweg 542,B 2530,Boechout,11/10/2021,,D (6) D1 (6) D5 (4) E (3) G (3)
0408224993,BE0408 224 993,Schoofs NV,15349,Daalhofstraat 45,B 3840,Borgloon,09/12/2022,,C (1) C1 (1) C5 (1) D (6) D1 (6) D10 (1) E (3) F2 (1) G (3)
0400710265,BE0400 710 265,VIABUILD NV,08145,Gansbroekstraat 70,B 2870,Puurs-Sint-Amands,13/05/2024,,B (1) B1 (1) C (8) C1 (8) C5 (8) D (8) D1 (8) E (8) E1 (8) E2 (4) G (8) G3 (3) G5 (6)
0434330663,BE0434 330 663,BOUWBEDRIJF JANSSEN NV,08340,Maastrichterstraat 426,B 3740,Bilzen,04/03/2021,,C (3) C1 (3) D (7) D1 (7) D23 (1) D24 (1) E (4) G (4) P1 (1)
0403829707,BE0403 829 707,Monument Goedleven NV,08278,Pauwelslei 186,B 2930,Brasschaat,13/09/2022,,D (8) D1 (8) D10 (4) D15 (4) D16 (5) D18 (6) D20 (7) D21 (5) D23 (6) D24 (8) D4 (6) D5 (7) D6 (6) D8 (2) E (5) G (5) G5 (7) P1 (6) P2 (4) P3 (4) S1 (4)
0400471428,BE0400 471 428,Entreprises Jacques Delens SA,08319,Avenue du Col-Vert 1,B 1170,Watermael-Boitsfort,15/01/2021,,C (3) C1 (3) D (8) D1 (8) D4 (7) E (5) G (5)
0416451583,BE0416 451 583,T. PALM SA,08786,Rue Armand Enkart 38,B 4910,Theux,24/04/2019,,C1 (1) C6 (1) D (8) D1 (8) D10 (1) D11 (1) D16 (4) D17 (4) D18 (3) D20 (2) D21 (1) D22 (1) D23 (1) D24 (1) D4 (1) D6 (1) E (5) G (5) G5 (1) P1 (1) T3 (1)
0472552425,BE0472 552 425,A C H CONSTRUCT SA,08781,Rue de Sart-Dames-Avelines 46,B 6210,Les Bons Villers,26/05/2008,,D (8) D1 (8) D21 (8) D24 (8) E (8) E1 (8) G (5)
0412068173,BE0412 068 173,VUYLSTEKE - EIFFAGE NV,08959,Pittemstraat 56,B 8760,Meulebeke,08/07/2024,,C (1) C1 (3) D (8) D1 (8) D10 (3) D11 (2) D12 (2) D16 (1) D20 (3) D22 (1) D29 (2) D4 (2) D5 (3) D8 (3) E (5) F (1) F2 (1) G (5)
0421111147,BE0421 111 147,Wegenbouw van de Kreeke NV,16680,Huib Van De Kreekeweg 5,NL 6361,KG NUTH,30/11/2023,,A (3) B (6) B1 (6) C (7) C1 (7) C5 (7) D (7) D1 (7) D24 (1) E (4) E1 (6) E2 (3) E4 (3) F2 (3) G (4) G3 (3) P1 (2) P2 (4) P3 (2) S1 (2)
0406017749,BE0406 017 749,Bouwwerken Huysmans BV,20378,Voortbeemden 5,B 2400,Mol,08/05/2021,,D (6) D1 (6) E (3) G (3)
0424877618,BE0424 877 618,HOOYBERGHS NV,09450,Hoge Mauw 1510,B 2370,Arendonk,11/10/2021,,C (6) C1 (6) C5 (3) D (8) D1 (8) D10 (5) D11 (4) D16 (6) D17 (6) D18 (6) D5 (6) E (5) G (5) P1 (8) P2 (6) P3 (6) S1 (6)
0433164683,BE0433 164 683,Vandenbussche NV,16236,Groendreef 21,B 9880,Aalter,07/02/2024,,C (1) C1 (1) C2 (1) C3 (1) C5 (1) C6 (1) C7 (1) D (8) D1 (8) D10 (1) D11 (1) D13 (1) D16 (6) D17 (7) D18 (1) D20 (1) D24 (1) D25 (1) D4 (6) D5 (6) D8 (1) E (5) F (1) F2 (1) F3 (1) G (6) G2 (1) G3 (1) G4 (1) G5 (5) N (1) N1 (1) P1 (7) P2 (5) P3 (5) S1 (5)
0450900045,BE0450 900 045,DCA NV,09807,Lilsedijk 50,B 2340,Beerse,12/05/2022,,C (8) C1 (8) C2 (4) C5 (5) D (8) D1 (8) D16 (4) D17 (4) D24 (5) D4 (5) D5 (6) D8 (4) E (8) E1 (8) G (5) P1 (4) P2 (2) P3 (2) S1 (2)
0418635271,BE0418 635 271,BOUWWERKEN VERMEIREN BV,20501,Deurnevoetweg 2,B 2900,Schoten,02/06/2021,,D (6) D1 (6) E (3) G (3)
0441504903,BE0441 504 903,ALGEMENE BOUW- EN BETONWERKEN VANEENOO NV,10064,Rakestraat 25 bus A,B 8750,Wingene,04/03/2021,,D (6) D1 (6) E (3) G (3)
0406082382,BE0406 082 382,ENTREPRISES REUNIES R. DE COCK SA,12314,Rue Bernipré 30,B 6041,Charleroi,07/06/2021,,C (7) C1 (7) C2 (3) C5 (4) D (7) D1 (7) D10 (4) D11 (3) D13 (1) D16 (5) D18 (4) D21 (4) D25 (2) D4 (4) D5 (4) D7 (4) D8 (3) E (7) E1 (7) F2 (3) G (7) G5 (5) P1 (4) P2 (2) P3 (2) S1 (2)
0412003045,BE0412 003 045,Jansen Building Projects NV,12532,Fabriekstraat 2,B 3670,Oudsbergen,08/09/2023,,D (8) D1 (8) D10 (6) D11 (4) D13 (6) D14 (4) D15 (4) D16 (8) D17 (8) D18 (8) D20 (8) D25 (7) D29 (5) D4 (8) D5 (8) D8 (4) E (5) G (5) G5 (4) N1 (5) P1 (8) P2 (6) P3 (6) S1 (6)
0441225581,BE0441 225 581,BOUWONDERNEMING KIJK EN BOUW NV,11230,Moorselestraat 206,B 8930,Menen,12/05/2022,,D (6) D1 (6) E (3) G (3)
0428936572,BE0428 936 572,ALHEEMBOUW NV,12264,Roeselarestraat 205,B 8840,Staden,30/11/2023,,C (1) C1 (1) D (8) D1 (8) D10 (1) D11 (1) D20 (1) D21 (1) D4 (1) D5 (1) D6 (1) D8 (1) E (5) G (5) G5 (1)
0400457174,BE0400 457 174,Balcaen Entreprises Générales SPRL,11774,Generaal Wahislaan 16G,B 1030,Schaarbeek,20/05/2021,,D (6) D1 (6) D10 (1) D11 (1) D13 (1) D14 (1) D15 (1) D16 (1) D20 (1) D22 (1) D24 (1) D25 (1) D29 (1) D4 (1) D5 (1) D7 (1) D8 (1) E (3) F (1) F2 (1) G (3) G5 (1)
0413753894,BE0413 753 894,MATHIEU GIJBELS NV,27479,Industrieweg-Noord 1161,B 3660,Opglabbeek,09/11/2023,,D (8) D1 (8) E (5) G (5)
0407549854,BE0407 549 854,OLIVIER CONSTRUCT NV,11840,Lodewijk de Raetlaan 24,B 8870,Izegem,11/10/2021,,C (7) C1 (7) C2 (1) C3 (1) C5 (4) D (6) D1 (6) D10 (1) D11 (1) D12 (1) D14 (1) D16 (1) D17 (1) D18 (1) D20 (1) D21 (1) D22 (1) D29 (1) D4 (1) D5 (1) D8 (1) E (6) E1 (7) E2 (1) E4 (1) F (1) F1 (1) F2 (1) G (6) G2 (1) G3 (1) G5 (1) H (1) L2 (1) P1 (1) V (1)
0878202861,BE0878 202 861,HYBOMA NV,25382,Wilgenlaan 39,B 8610,Kortemark,30/06/2020,,D (7) D1 (7) E (4) G (4)
0413630071,BE0413 630 071,BESIX SA,12411,Avenue des Communautés 100,B 1200,Woluwe-Saint-Lambert,17/06/2024,,A (8) B (8) B1 (8) C (8) C1 (8) C5 (6) D (8) D1 (8) D10 (7) D16 (8) D17 (8) D18 (8) D20 (8) D22 (8) D24 (1) D4 (8) D5 (8) D8 (8) E (8) E1 (8) E2 (8) E4 (4) F (8) F2 (8) G (8) G1 (6) G3 (6) G5 (8) H (6) L1 (6) L2 (8) N (5) N1 (8) P1 (8) P2 (8) P3 (6) S1 (6) V (8)
0411668196,BE0411 668 196,BOUWBEDRIJF VERSLUYS NV,12359,Zandvoordestraat 465,B 8400,Oostende,01/12/2021,,D (6) D1 (6) D24 (1) E (3) G (3)
0447500095,BE0447 500 095,THYS BOUWPROJECTEN NV,19611,Nijverheidsstraat 10,B 2260,Westerlo,16/04/2021,,D (6) D1 (6) E (3) G (3)
0446279182,BE0446 279 182,Huysman Bouw NV,19877,Stationsstraat 83,B 9900,Eeklo,04/03/2021,,D (6) D1 (6) E (3) G (3)
0451728901,BE0451 728 901,COMPAGNIE BELGE DE BATIMENT SA,20687,Rue des Reines-Marguerites 5-7,B 5100,Namur,14/11/2023,,D (8) D1 (8) E (5) G (5)
0426003214,BE0426 003 214,BOUWONDERNEMING CHRISTIAENS NV,13683,Legeweg 155,B 8020,Oostkamp,04/05/2023,,D (8) D1 (8) E (5) G (5)
0415241855,BE0415 241 855,BOUWWERKEN GEBROEDERS JANSSEN BV,24008,Industrieweg-Noord 1165,B 3660,Opglabbeek,02/06/2021,,D (6) D1 (6) D20 (6) D23 (5) D24 (6) D4 (6) D5 (6) D8 (5) E (3) G (3) G5 (5)
0415781194,BE0415 781 194,QUINTELIER NV,#9009,Hoogveld 27,B 9200,Dendermonde,14/08/2023,13/04/2025,D (7)
0414431510,BE0414 431 510,Bouwbedrijf Menbo NV,13501,Spijker 65,B 2910,Essen,12/05/2022,,D (6) D1 (6) D4 (4) D5 (5) E (3) G (3)
0421519933,BE0421 519 933,BOUWBEDRIJF DETHIER NV,14970,Industrieterrein Kolmen 1107,B 3570,Alken,06/09/2021,,C (1) C1 (1) D (8) D1 (8) D10 (1) D12 (1) D13 (1) D20 (1) D22 (1) D24 (1) D4 (1) D5 (1) D8 (1) E (5) F (1) F2 (1) G (5) G5 (1)
0413352434,BE0413 352 434,MBG NV,13632,Garden Square Blok D - Laarstraat 16 bus 12,B 2610,Antwerpen,16/04/2021,,C (7) C1 (7) C5 (4) D (8) D1 (8) D10 (6) D15 (5) D16 (8) D17 (7) D18 (8) D20 (8) D24 (8) D25 (7) D4 (8) D5 (8) D6 (3) D8 (6) E (5) E2 (7) F (5) F2 (5) G (6) G5 (4) N1 (6) P1 (8) P2 (6) P3 (6) S1 (6)
0402054409,BE0402 054 409,Société d'Applications et de Travaux SA,13639,Avenue de Roodebeek 24,B 1030,Schaerbeek,13/06/2023,,D (8) D1 (8) D12 (4) D13 (3) D14 (7) D16 (7) D17 (6) D18 (6) D20 (5) D21 (3) D23 (5) D24 (8) D4 (6) D5 (5) D6 (4) D7 (4) E (5) F2 (5) G (5) G3 (5) P1 (7) P2 (5) P3 (5) S1 (5)
0418972989,BE0418 972 989,WILLY NAESSENS INDUSTRIEBOUW NV,15282,Kouter 3,B 9790,Wortegem-Petegem,12/05/2022,,C (7) C1 (7) C5 (4) D (8) D1 (8) D20 (8) D8 (8) E (5) E2 (6) F (6) F2 (6) G (5) P1 (7) P2 (5) P3 (5) S1 (5)
0418243709,BE0418 243 709,Artem NV,15283,Zandbergen 6,B 2480,Dessel,14/04/2020,,D (8) D1 (8) E (5) G (5)
0415776939,BE0415 776 939,THOMAS ET PIRON HOME SA,14891,Rue de la Besace Our 14,B 6852,Paliseul,04/12/2023,,C1 (1) C2 (1) C6 (1) D (8) D1 (8) D10 (1) D11 (1) D12 (1) D16 (1) D17 (1) D18 (1) D20 (1) D22 (1) D5 (1) E (5) E1 (1) G (5) G3 (1) G5 (1)
0413951260,BE0413 951 260,Mourik NV,14265,Groenendaallaan 399,B 2030,Antwerpen,10/09/2024,,C (6) C1 (6) C2 (1) C5 (3) C6 (1) D (8) D1 (8) D16 (4) D17 (4) D18 (5) D21 (1) D22 (4) D29 (1) D4 (8) E (8) E1 (8) E2 (4) F (1) F1 (1) F2 (1) F3 (1) G (8) G1 (6) G2 (1) G3 (1) G5 (6) L (8) P1 (4) P2 (2) P3 (2) S1 (2) V (8)
0418068020,BE0418 068 020,SIX BV,15165,Schardouwstraat 31,B 8870,Izegem,13/03/2023,,C (1) C1 (1) D (8) D1 (8) D12 (7) D16 (8) D17 (8) D18 (7) D20 (4) D21 (4) D22 (7) D24 (1) D4 (5) D5 (6) D8 (7) E (5) G (5) P1 (6) P2 (4) P3 (4) S1 (4)
0472554207,BE0472 554 207,A C H BOUW NV,14048,Desguinlei 22,B 2018,Antwerpen,26/03/2007,,D (8) D1 (8) E (5) G (5)
0412934839,BE0412 934 839,SIEMOENS BV,32443,Jules Van Ooststraat 49,B 8700,Tielt,08/01/2024,,D (6) D1 (6) D16 (1) D17 (1) D18 (1) D5 (4) E (3) G (3) P1 (1) P2 (1)
0440712867,BE0440 712 867,DEMOCO NV,15392,Herkenrodesingel 4B,B 3500,Hasselt,04/05/2023,,C (6) C1 (6) C5 (3) D (8) D1 (8) D17 (8) D18 (8) D20 (8) D24 (8) E (8) E1 (8) F2 (8) G (5) P1 (8) P2 (6) P3 (6) S1 (6)
0417268066,BE0417 268 066,THOMASSEN et Fils SPRL,31123,Rue de Maestricht 96,B 4600,Visé,10/07/2024,,B (1) B1 (1) C (7) C1 (7) C2 (1) C3 (1) C5 (4) C6 (1) D (7) D1 (7) D11 (1) D22 (1) D24 (1) D7 (1) E (4) E1 (4) F (4) F1 (1) F2 (4) G (4) G1 (1) G2 (1) G3 (1) G4 (1) G5 (1)
0465839530,BE0465 839 530,PICARD Construct SA,30161,Ramont 6,B 6970,Tenneville,05/06/2024,,C1 (5) C5 (4) D (7) D1 (7) D10 (5) D11 (5) D12 (3) D13 (3) D14 (5) D16 (5) D17 (4) D18 (4) D20 (5) D22 (5) D25 (4) D29 (3) D4 (5) D5 (5) D7 (3) D8 (5) E (4) F2 (4) F3 (2) G (4) G1 (3) G2 (2) G5 (4) P1 (5) P2 (3) P3 (3) S1 (3)
0422971765,BE0422 971 765,Vranken NV,14180,Diestersteenweg 182,B 3850,Nieuwerkerken (Limb.),04/03/2021,,D (6) D1 (6) D14 (2) D20 (4) D4 (3) D5 (6) E (3) G (3) G5 (4)
0421338009,BE0421 338 009,Veldeman Aannemingen BV,16626,Bosveld 20,B 9200,Dendermonde,10/09/2020,,D (6) D1 (6) D10 (1) D11 (1) D13 (7) D15 (1) D16 (1) D17 (1) D18 (1) D20 (1) D21 (1) D23 (1) D24 (1) D25 (7) D4 (4) D5 (4) E (3) G (3)
0419877168,BE0419 877 168,Cosimco NV,15014,Kartuizersweg 1,B 2550,Kontich,09/11/2023,,C (6) C1 (6) C2 (1) C5 (3) D (7) D1 (7) D10 (1) D11 (1) D16 (1) D24 (1) E (4) F (7) F2 (7) G (4) G5 (1) P1 (1)
0412917518,BE0412 917 518,Entreprises GRANDJEAN SA,14368,Rue de la Fagne d'Hi 1,B 6600,Bastogne,19/12/2022,,D (7) D1 (7) D10 (2) D12 (2) D20 (1) D21 (1) D22 (1) D5 (3) D8 (1) E (4) G (4) G5 (1)
0420191528,BE0420 191 528,ARGEA SA,14301,Avenue Georges Lecointe 50,B 1180,Uccle,14/05/2024,,A (1) B (4) B1 (4) C (8) C1 (8) C2 (8) C5 (5) C6 (8) C7 (5) D (7) D1 (7) E (8) E1 (8) E2 (8) E4 (8) G (8) G1 (6) L (5) L1 (3) L2 (5) P1 (6) P2 (8) P3 (6) S (2) S1 (6)
0419914978,BE0419 914 978,Kumpen NV,14294,Paalsteenstraat 34,B 3500,Hasselt,04/05/2023,,C (7) C1 (7) C2 (6) C5 (4) D (7) D1 (7) D24 (1) E (7) E1 (7) G (4) H (1) P1 (1)
0447785256,BE0447 785 256,BOLCKMANS NV,14389,Industrieweg 4,B 2320,Hoogstraten,02/06/2021,,D (8) D1 (8) E (5) F (8) F2 (8) G (5)
0420071069,BE0420 071 069,MEVACO - BOUWBEDRIJF NV,15983,Durmelaan 6,B 9880,Aalter,09/04/2024,,D (7) D1 (7) D24 (1) E (4) G (4) G5 (3)
0426954111,BE0426 954 111,GERARD CONSTRUCTION SRL,17630,Rue des Corettes 40,B 6880,Bertrix,23/10/2019,,D (7) D1 (7) D11 (1) E (4) G (4)
0426434170,BE0426 434 170,DE MEEUW NV,36881,Koning Leopoldlaan 8,B 2830,Willebroek,06/07/2021,,D (6) D1 (6) E (3) G (3)
0419887561,BE0419 887 561,Sibomat NV,16128,Oude Waalstraat 248,B 9870,Zulte,07/03/2022,,D (6) D1 (6) E (3) G (3)
0425547512,BE0425 547 512,ELOY TRAVAUX SA,17451,Rue des Spinettes 13,B 4140,Sprimont,10/10/2022,,A (1) B (1) B1 (1) C (8) C1 (8) C2 (5) C5 (5) C6 (1) C7 (1) D (8) D1 (8) D7 (1) E (6) E1 (6) F (1) F2 (1) G (6) G2 (1) G3 (1) G4 (6) G5 (6) L (1) L2 (1) P2 (1) V (5)
0420961390,BE0420 961 390,MORTI NV,17123,Booiebos 21,B 9031,Gent,07/03/2022,,C (1) C1 (1) D (8) D1 (8) D20 (1) E (5) G (5)
0421135396,BE0421 135 396,PAINTINGS & INDUSTRIAL COATINGS BV,17055,Leeweg 24,B 9270,Laarne,11/10/2021,,D (7) D1 (7) D13 (4) D21 (6) D23 (1) D24 (5) E (4) F3 (1) G (4)
0421167367,BE0421 167 367,M. BONTEN SA,16595,Rue de Battice 156,B 4880,Aubel,20/01/2020,,C (4) C1 (4) C3 (1) C5 (1) C6 (1) D (7) D1 (7) D10 (2) D11 (4) D12 (2) D13 (1) D14 (1) D15 (1) D16 (3) D17 (2) D18 (3) D20 (2) D21 (1) D23 (1) D24 (1) D25 (1) D29 (1) D4 (3) D5 (5) D6 (1) D7 (3) D8 (3) E (4) E1 (1) F (1) F2 (1) G (4) G1 (1) G2 (1) G3 (1) G4 (1) G5 (2)
0421619903,BE0421 619 903,D.S.V. NV,16045,Ter Heidelaan 69,B 3200,Aarschot,09/11/2023,,B1 (1) C (8) C1 (8) C2 (1) C3 (1) C5 (5) C6 (1) C7 (1) D (7) D1 (7) D10 (1) D11 (1) D12 (1) D13 (1) D14 (1) D15 (1) D16 (4) D17 (1) D18 (1) D20 (1) D21 (1) D22 (1) D25 (1) D29 (1) D4 (1) D5 (2) D6 (1) D7 (1) D8 (3) E (5) E1 (5) E2 (1) E4 (1) F1 (1) F2 (4) F3 (1) G (5) G1 (1) G2 (1) G3 (1) G4 (1) G5 (1) P1 (2) P2 (1) P3 (1)
0421872992,BE0421 872 992,Macors SPRL,15879,Chaussée de Liège 31,B 5360,Hamois,04/12/2019,,D (7) D1 (7) D24 (6) D4 (4) D5 (6) E (4) G (4)
0414933732,BE0414 933 732,R. Poels NV,14698,Meldertsestraat 8,B 3545,Halen,10/11/2021,,D (6) D1 (6) D10 (3) D11 (5) D13 (3) D15 (1) D16 (1) D17 (1) D18 (1) D20 (1) D21 (1) D23 (1) D24 (1) D25 (3) D29 (3) D4 (6) D5 (6) E (3) G (3)
0418972197,BE0418 972 197,International Building Organisation NV,15600,Steenweg op Blaasveld 56a,B 2801,Mechelen,12/05/2022,,C (5) C1 (5) C5 (2) D (8) D1 (8) E (5) F2 (8) G (5) U (1) V (1)
0420252597,BE0420 252 597,Société Anonyme de Construction de Travaux Luxembourgeois SA,16832,Route du Vieux Chêne 7,B 6661,Houffalize,11/01/2021,,D (6) D1 (6) D10 (1) D23 (1) D24 (1) E (3) G (3)
0420902596,BE0420 902 596,BAM Interbuild BV,15475,Borsbeeksebrug 22 bus 7,B 2600,Antwerpen,13/03/2023,,C (6) C1 (6) C5 (3) D (8) D1 (8) D10 (6) D11 (5) D13 (5) D16 (8) D17 (8) D18 (8) D20 (8) D24 (8) D25 (2) D29 (3) D4 (8) D5 (8) D6 (4) D8 (6) E (5) G (5)
0423234655,BE0423 234 655,SOTRELCO - ENTREPRISE GENERALE D'ELECTRICITE SA,16072,Rue de la Croix du Maïeur 1,B 7110,La Louvière,17/01/2022,,D (8) D1 (8) D16 (8) D17 (8) D18 (8) E (5) G (5) P1 (8) P2 (6) P3 (6) S1 (6)
0422868332,BE0422 868 332,WYCOR NV,16009,Biezeweg 6,B 9230,Wetteren,13/09/2022,,D (8) D1 (8) D10 (6) D11 (5) D12 (3) D13 (6) D14 (8) D15 (3) D16 (6) D17 (6) D18 (7) D20 (8) D21 (5) D23 (3) D24 (8) D25 (8) D29 (6) D4 (8) D5 (8) D7 (5) D8 (4) E (5) E2 (3) F (4) F2 (5) F3 (2) G (5) G3 (2) G5 (6) N1 (3) P1 (8) P2 (6) P3 (6) S1 (6) T3 (5)
0424737264,BE0424 737 264,CONSTRUCTIONS LOUWET SA,15347,Gare de Momalle 15,B 4347,Fexhe-le-Haut-Clocher,12/09/2023,,C1 (3) C5 (4) D (6) D1 (6) D18 (3) D20 (4) D22 (4) D29 (5) D5 (4) D8 (5) E (3) F2 (6) G (6) P1 (1) P2 (3) P3 (1) S1 (1)
0472028526,BE0472 028 526,STRABAG BELGIUM NV,17075,Noorderlaan 139,B 2030,Antwerpen,04/05/2023,,D (8) D1 (8) D24 (8) D4 (8) E (8) E1 (8) G (5)
0401962753,BE0401 962 753,SETIP-GCUBE SA,16067,Avenue de Rusatira 8,B 1083,Ganshoren,10/07/2023,,D (6) D1 (6) D12 (5) D21 (1) D22 (4) D5 (5) D8 (6) E (3) G (3)
0427377941,BE0427 377 941,JURI NV,17264,Industriestraat 21,B 9240,Zele,19/11/2019,,D (8) D1 (8) D12 (4) D22 (4) D4 (5) D5 (6) D8 (5) E (5) G (5)
0425207022,BE0425 207 022,ELPERS NV,20221,Dooren 111 bus d,B 1785,Merchtem,19/11/2019,,D (6) D1 (6) D21 (1) D8 (1) E (3) G (3)
0433989975,BE0433 989 975,FLUENTIS NV,#9892,Mijnlamphof 5,B 3550,Heusden-Zolder,08/09/2023,07/05/2025,D (6) D1 (6)
0427979341,BE0427 979 341,DURABRIK BOUWBEDRIJVEN - DURABRIK ENTREPRISES DE CONSTRUCTION NV,18682,Landegemstraat 10,B 9031,Gent,13/05/2024,,D (8) D1 (8) D10 (1) D11 (1) D13 (1) D16 (1) D20 (5) D25 (1) D5 (4) E (5) G (5)
0407975466,BE0407 975 466,STADSBADER NV,16272,Kanaalstraat 1,B 8530,Harelbeke,08/07/2024,,A (8) B (8) B1 (8) C (8) C1 (8) C3 (8) C5 (8) C6 (8) C7 (8) D (8) D1 (8) E (8) E1 (8) E2 (8) E4 (4) F (8) F2 (8) G (8) G2 (7) G3 (7) G4 (8) G5 (8) H (7) L2 (8) P1 (6) P2 (8) P3 (6) S1 (6) V (8)
0419455714,BE0419 455 714,BEDRIJFSBOUW EN PROJECTBOUW VERELST NV,16641,Klein Boom 15,B 2580,Putte,13/09/2022,,D (8) D1 (8) E (5) G (5)
0407872231,BE0407 872 231,Beneens bouw en interieur BV,28396,Stadsestraat 43A,B 2250,Olen,10/09/2020,,D (8) D1 (8) D5 (6) E (5) G (5)
0444030069,BE0444 030 069,GEBROEDERS LUYTEN NV,40980,Molemstraat 118,B 3560,LUMMEN,12/01/2021,,D (6) D1 (6) D4 (5) D5 (6) E (3) G (3)
0423331853,BE0423 331 853,RECON BOUW NV,17836,Oude Weg 39,B 9991,Maldegem,07/03/2022,,C (4) C1 (4) C5 (1) D (8) D1 (8) D24 (1) D5 (5) E (5) G (5)
0431781345,BE0431 781 345,BMP Building Services BV,35002,Aubruggestraat 23,B 3980,Tessenderlo,08/07/2024,,C (2) C1 (4) C3 (1) D (6) D1 (6) D10 (4) D11 (3) D12 (2) D13 (3) D16 (3) D17 (1) D18 (1) D20 (5) D21 (1) D22 (4) D24 (1) D25 (2) D4 (3) D5 (4) D8 (5) E (3) E2 (4) F (3) F2 (3) G (3) G3 (3) G5 (5)
0431269918,BE0431 269 918,ANDRE CHENE SA,17892,Rue Noirivaux 23,B 4870,Trooz,11/01/2024,,B (1) B1 (1) C (6) C1 (6) C2 (2) C5 (3) C6 (1) D (6) D1 (6) D10 (1) D11 (1) D12 (2) D13 (1) D16 (2) D17 (1) D18 (1) D20 (1) D21 (1) D22 (1) D24 (1) D25 (1) D29 (1) D4 (1) D5 (4) D7 (2) D8 (3) E (6) E1 (6) F2 (2) G (3) G4 (3) G5 (1) P1 (2) P2 (1) P3 (1) S1 (1)
0421111246,BE0421 111 246,WIESEN - PIRONT SRL,21446,Born Kaiserbaracke 10,B 4770,Amblève,20/05/2019,,D (8) D1 (8) D17 (1) E (5) G (5) P1 (1)
0427223830,BE0427 223 830,GHELAMCO NV,17639,Zwaanhofweg 10,B 8900,Ieper,04/02/2021,,D (6) D1 (6) E (3) G (3) G2 (1) G5 (1)
0430224296,BE0430 224 296,DEGOTTE SA,19304,Rue de Hermée 246,B 4040,Herstal,14/09/2022,,D (6) D1 (6) D11 (1) D12 (1) D16 (1) D17 (1) D18 (4) D4 (3) D5 (1) E (3) G (3) P1 (3) P2 (1) P3 (1) S1 (1)
0415360334,BE0415 360 334,ELBEKO NV,17304,Lindestraat 13,B 9240,Zele,02/06/2021,,D (7) D1 (7) E (4) G (4)
0449497010,BE0449 497 010,Entreprise Georges COLLARD SA,17103,Quatre-Chemins 53,B 4841,Welkenraedt,16/10/2024,,C (1) C1 (1) C2 (1) C6 (1) D (6) D1 (6) D10 (1) D11 (1) D12 (1) D13 (1) D15 (1) D16 (1) D17 (1) D18 (1) D20 (1) D21 (1) D22 (1) D24 (1) D25 (1) D29 (1) D4 (1) D5 (1) D8 (1) E (3) E1 (1) F1 (1) G (3) G1 (1) G2 (1) G3 (1) G5 (1) P1 (1)
0432060566,BE0432 060 566,INTERCONSTRUCT SA,17835,Rue du Mont-Gallois 66,B 7700,Mouscron,19/12/2019,,D (7) D1 (7) D10 (4) D11 (3) D16 (3) D17 (5) D18 (4) D20 (4) D4 (3) D5 (5) D8 (3) E (4) G (4) P1 (5) P2 (3) P3 (3) S1 (3)
0432541806,BE0432 541 806,NOTTE - VOLCKAERT INTERIEUR & BOUW NV,19989,Industriepark 15,B 9820,Merelbeke,10/11/2021,,D (7) D1 (7) D11 (1) D12 (1) D13 (5) D20 (1) D25 (3) D4 (7) D5 (7) D8 (1) E (4) G (4)
0434525059,BE0434 525 059,GEMOCO NV,18279,Oude Heidestraat 81,B 3740,Bilzen,08/09/2023,,B (1) B1 (1) C (7) C1 (7) C3 (1) C5 (4) C6 (1) D (7) D1 (7) E (4) E2 (1) G (4) G1 (1)
0431484407,BE0431 484 407,PLUYM - VAN LOON BV,19801,Kanaaldijk 16 bus C,B 2380,Ravels,08/05/2021,,D (6) D1 (6) D4 (1) E (3) G (3)
0433349775,BE0433 349 775,Zolderse Dakprojecten NV,17754,Dellestraat 30 bus B,B 3560,Lummen,16/12/2019,,D (6) D1 (6) D12 (7) D22 (6) D8 (7) E (3) G (3)
0436403493,BE0436 403 493,BATIMENT ET TECHNIQUE SA,20571,Rue d'Argenteau 15,B 4681,Oupeye,07/02/2022,,A (1) B (1) B1 (1) C (5) C1 (5) C2 (3) C5 (2) C6 (5) D (7) D1 (7) D24 (1) E (5) E1 (5) G (4) V (6)
0431480942,BE0431 480 942,EDDY DEVOS CONSTRUCTIONS SA,18599,Quai des Vicinaux 30,B 7500,Tournai,17/03/2020,,D (6) D1 (6) D24 (1) E (3) E1 (3) G (3)
0422099854,BE0422 099 854,Genisol NV,17503,Rabotstraat 113,B 9940,Evergem,30/06/2020,,D (6) D1 (6) D10 (1) D11 (1) D12 (1) D13 (1) D15 (1) D16 (1) D17 (1) D20 (1) D21 (1) D23 (1) D24 (4) D25 (1) D4 (6) D5 (5) D8 (1) E (3) F3 (1) G (3) P1 (1)
0432687702,BE0432 687 702,ALGEMENE BOUWONDERNEMING DESPIERRE FILIP BV,17484,Nijverheidsstraat 2,B 8650,Houthulst,13/05/2024,,D (7) D1 (7) E (4) G (4) G5 (1)
0436207911,BE0436 207 911,RENOTEC NV,21769,Acaciastraat 14C,B 2440,Geel,09/04/2024,,A (5) B (8) B1 (8) C (7) C1 (8) C2 (8) C5 (4) D (8) D1 (8) D10 (1) D11 (2) D12 (5) D13 (4) D14 (4) D20 (4) D21 (7) D22 (2) D23 (7) D24 (8) D25 (1) D4 (8) D5 (5) D7 (1) D8 (1) E (8) E1 (8) G (5)
0434824076,BE0434 824 076,BATIR RENOVER GERER SA,20901,Zon.Ind. de Ruette-Latour 19,B 6760,Virton,18/03/2024,,C (1) C1 (1) D (6) D1 (6) D10 (1) D11 (1) D12 (1) D13 (1) D15 (1) D21 (1) D22 (1) D23 (1) D24 (3) D25 (1) D29 (1) D4 (1) D5 (1) D6 (1) D7 (1) E (3) F1 (1) F2 (1) G (3) G4 (1) G5 (1)
0418555097,BE0418 555 097,ALGEMENE BOUWONDERNEMING HERWEYERS NV,17680,Zavelstraat 34,B 9190,Stekene,08/09/2023,,D (6) D1 (6) E (3) G (3)
0440338923,BE0440 338 923,S.B.M.I. SA,19892,Route de Wallonie 4B,B 7011,Mons,21/11/2022,,D (6) D1 (6) D12 (1) D16 (1) D17 (1) D22 (1) D4 (6) D8 (1) E (3) E1 (1) G (3) G5 (5) P1 (1)
0870966265,BE0870 966 265,Entreprise Générale de Construction COLLIGNON Pierre SA,29402,Lignières Al'Basse 61,B 6900,Marche-en-Famenne,05/07/2023,,C (1) C1 (1) C2 (1) C6 (1) D (6) D1 (6) D20 (1) D21 (1) D4 (1) E (3) G (3) G3 (1)
0417056547,BE0417 056 547,GUSTAAF CUYLAERTS BV,17965,Balsakker 54,B 2275,Lille,13/06/2022,,D (6) D1 (6) E (3) G (3)
0424037775,BE0424 037 775,Algemene Ondernemingen Van Tornhaut BVBA,17807,Steenweg op Deinze 122,B 9880,Aalter,12/05/2020,,C (1) C1 (1) D (7) D1 (7) D21 (4) D24 (1) D5 (7) D8 (6) E (4) G (5) G1 (1) G5 (6)
0430077313,BE0430 077 313,DEHOLI NV,22690,Centrum-Zuid 2607,B 3530,Houthalen-Helchteren,01/06/2023,,D (6) D1 (6) D20 (1) D24 (1) D4 (5) D5 (6) E (3) G (3)
0434961955,BE0434 961 955,PIT-EIFFAGE NV,22216,Starrenhoflaan 27,B 2950,Kapellen,07/02/2023,,D (7) D1 (7) D11 (1) D12 (4) D15 (1) D20 (7) D21 (7) D22 (5) D23 (5) D24 (7) D29 (1) D4 (1) D5 (4) D8 (1) E (4) G (4)
0434264941,BE0434 264 941,E. BAILLIEN BV,18061,Industrielaan 81,B 3630,Maasmechelen,08/01/2024,,D (7) D1 (7) D10 (1) D11 (1) D13 (3) D16 (1) D17 (1) D18 (1) D25 (4) D4 (5) D5 (5) E (4) G (4)
0435672332,BE0435 672 332,CREER RENOVER CONSTRUIRE SA,23002,Rue Nicolas Darche 32  Bte 1,B 5660,Couvin,04/01/2023,,B1 (2) C (4) C1 (4) C5 (1) D (6) D1 (6) D22 (5) D24 (1) D5 (4) E (3) F (5) F2 (5) G (3)
0433366108,BE0433 366 108,AQUASTRA-GEVELREINIGING BV,21853,Dronckaertstraat 484,B 8930,Menen,07/02/2024,,D (6) D1 (6) D10 (1) D11 (1) D12 (1) D15 (1) D20 (1) D21 (6) D22 (1) D23 (5) D24 (6) D4 (1) D5 (1) D8 (1) E (3) G (3) G5 (1)
0420644260,BE0420 644 260,DETRAC NV,18248,Jagershoek 14,B 8570,Anzegem,12/05/2020,,D (6) D1 (6) D10 (1) D11 (1) D12 (1) D14 (1) D15 (1) D16 (1) D17 (1) D18 (1) D20 (1) D21 (1) D22 (1) D23 (1) D24 (3) D29 (1) D4 (5) D5 (6) D8 (1) E (3) G (3) G3 (1) G4 (1) G5 (1)
0440004470,BE0440 004 470,Van Cauter Multitechnieken BV,24338,Keiberg 74,B 9340,Lede,02/10/2024,,D (6) D1 (6) D16 (4) D17 (4) D18 (4) D21 (1) E (3) G (3) P1 (7) P2 (5) P3 (5) S1 (5) T2 (1)
0425355787,BE0425 355 787,DE TENDER BV,32677,Nieuwe Baan 68,B 9111,Sint-Niklaas,12/01/2021,,D (6) D1 (6) D16 (1) D17 (1) D18 (3) D24 (1) D4 (4) D5 (4) E (3) E2 (1) G (3) N (1) P1 (3) P2 (1) P3 (1) S1 (1)
0442773920,BE0442 773 920,D.S. Daniel STOFFELS SPRL,18451,Rue du Camp 42,B 4950,Waimes,14/04/2022,,C1 (1) C6 (1) D (6) D1 (6) D10 (1) D11 (1) D12 (1) D13 (1) D14 (1) D21 (1) D22 (1) D24 (1) D25 (1) D4 (1) D5 (1) D8 (1) E (3) G (3) G5 (1)
0431294464,BE0431 294 464,BAETEN - VAN ES BV,18869,Nieuwstraat 41,B 2840,Rumst,11/04/2022,,D (6) D1 (6) D20 (5) D5 (3) E (3) G (3)
0425899878,BE0425 899 878,Etablissements Edgard RAMAEKERS SRL,34785,Rue de Rocroi 68,B 6464,Chimay,05/06/2024,,C1 (1) D (6) D1 (6) D20 (5) E (3) E1 (1) F (5) F1 (1) F2 (5) G (3)
0427649739,BE0427 649 739,INDUSTRIELE EN BOUWKUNDIGE TOEPASSINGEN NV,19173,Brusselsesteenweg 217,B 9230,Wetteren,07/03/2022,,D (6) D1 (6) D10 (1) D11 (1) D13 (1) D14 (1) D15 (1) D20 (1) D21 (6) D22 (1) D23 (1) D24 (6) D25 (1) D29 (1) D4 (1) D5 (1) D6 (1) D7 (1) D8 (1) E (3) F3 (1) G (3) G5 (1)
0429262216,BE0429 262 216,DE LAERE DECOR NV,19013,Vliegveld 33,B 8560,Wevelgem,20/03/2020,,D (6) D1 (6) D15 (1) D4 (6) D5 (6) E (3) G (3)
0447692117,BE0447 692 117,BOUWBEDRIJF FURNIBO NV,23960,Bedrijvenlaan 7,B 8630,Veurne,02/06/2021,,C1 (1) D (8) D1 (8) E (8) E1 (8) G (5) V (1)
0444232383,BE0444 232 383,BREBUILD ALGEMEEN BOUWBEDRIJF NV,23774,Schouwkensstraat 10,B 2030,Antwerpen,16/10/2019,,B (1) B1 (1) C (5) C1 (5) C5 (2) D (8) D1 (8) D16 (5) D17 (5) D18 (5) D20 (5) D24 (4) D5 (5) E (5) F2 (4) G (5) G5 (4) P1 (6) P2 (4) P3 (4) S1 (4)
0446579783,BE0446 579 783,C.B.D. SA,23513,Rue des Prés du Roy 3,B 7800,Ath,12/05/2021,,C (1) C1 (1) D (8) D1 (8) D10 (1) D11 (1) D12 (1) D13 (1) D16 (1) D17 (1) D18 (1) D20 (1) D22 (1) D25 (1) D29 (1) D4 (1) D5 (1) D6 (1) D7 (1) D8 (1) E (5) E1 (1) G (5) G5 (1) P1 (1) P2 (1) P3 (1) S1 (1)
0436117344,BE0436 117 344,SOLID BUILDING OVERPELT NV,#9598,Karel Pinxtenlaan 6,B 3900,Overpelt,01/08/2023,31/03/2025,D (6)
0443480337,BE0443 480 337,HBS NV,24788,Lammerdries 12,B 2440,Geel,04/05/2023,,D (6) D1 (6) D4 (5) D5 (5) E (3) G (3)
0439243912,BE0439 243 912,FRANCOVERA NV,20015,Hoogweg 46,B 8940,WERVIK,03/10/2023,,D (7) D1 (7) D14 (7) D20 (7) D21 (7) D5 (5) E (4) F1 (1) F2 (1) G (4)
0413059454,BE0413 059 454,Bouw Francis Bostoen NV,30716,Pauline Van Pottelsberghelaan 22,B 9051,Gent,10/09/2020,,D (7) D1 (7) E (4) G (4)
0441457391,BE0441 457 391,JOS DEJONGH BOUWONDERNEMING BV,19654,Kwade Weide 3,B 2920,Kalmthout,12/01/2022,,C (1) C1 (1) D (6) D1 (6) D21 (1) D29 (1) E (3) G (3)
0437240168,BE0437 240 168,DEGO BVBA,19650,Poeleinde 33,B 2323,Hoogstraten,20/03/2020,,D (6) D1 (6) D10 (3) D20 (1) D23 (1) D24 (1) D5 (4) E (3) G (3)
0441621006,BE0441 621 006,BOUWONDERNEMING ERIBO NV,19785,Vredestraat 45,B 8790,Waregem,06/09/2021,,C (1) C1 (1) D (6) D1 (6) D10 (1) D11 (1) D12 (1) D14 (1) D16 (1) D17 (1) D22 (1) D5 (1) D8 (1) E (3) G (3) G5 (1) P1 (1)
0448664194,BE0448 664 194,VAN KERCKHOVENS BOUWBEDRIJF BV,19852,President Rooseveltstraat 7,NL 4587,LA Kloosterzande,07/03/2022,,D (6) D1 (6) E (3) G (3)
0403664312,BE0403 664 312,SMET - TUNNELLING NV,25175,Kastelsedijk 64,B 2480,Dessel,06/07/2021,,C1 (7) C2 (7) C7 (7) D (6) D1 (6) E (7) E1 (7) E4 (7) G (5) G1 (2)
0432209729,BE0432 209 729,Entreprises M.I.G.N.O.N.E. SA,23153,Rue Neuve 112,B 7170,Manage,12/10/2020,,D (7) D1 (7) E (4) G (4) P1 (7) P2 (7) P3 (5) S1 (5)
0444600389,BE0444 600 389,QUBO NV,24461,Zwaarveld 69,B 9220,Hamme,04/05/2023,,C (1) C1 (1) D (6) D1 (6) E (3) G (3)
0402515257,BE0402 515 257,MONUMENT HAINAUT SA,27136,Rue du Serpolet 27,B 7522,Tournai,12/10/2020,,D (8) D1 (8) D12 (5) D17 (4) D20 (4) D22 (5) D23 (5) D24 (8) D5 (6) D6 (5) D7 (2) E (5) G (5) P1 (5) P2 (3) P3 (3) S1 (3)
0443916540,BE0443 916 540,B & R - BOUW EN RENOVATIE NV,41565,Lauwestraat 71,B 8930,Menen,11/10/2021,,D (7) D1 (7) D24 (1) D5 (4) E (4) G (4)
0449361705,BE0449 361 705,DE PEUTER NV,25244,Rietbroek 1,B 2200,Herentals,12/01/2022,,C (6) C1 (6) C2 (5) C5 (3) D (6) D1 (6) E (6) E1 (6) G (3) V (7)
0450538571,BE0450 538 571,IN ADVANCE SA,25112,Rue de la Grenouillette 2 bte E,B 1130,Haren,07/08/2019,,D (8) D1 (8) D10 (5) D11 (2) D16 (5) D17 (1) D18 (5) D20 (4) D23 (1) D24 (1) D29 (3) D4 (5) D5 (6) E (5) G (5) G5 (1) P1 (5) P2 (3) P3 (3) S1 (3)
0429210548,BE0429 210 548,DHULST' NV,21031,Duwijckstraat 18,B 2500,Lier,08/09/2023,,D (7) D1 (7) D24 (1) E (4) G (4)
0425548797,BE0425 548 797,Général Construction Liège SA,20671,Rue de la Station 44,B 4032,Liège,19/12/2022,,C (5) C1 (5) C3 (1) C5 (2) C6 (1) D (7) D1 (7) D10 (1) D11 (1) D12 (1) D13 (1) D15 (1) D20 (1) D22 (1) D25 (1) D29 (1) D4 (1) D5 (1) D6 (1) D7 (1) D8 (1) E (4) G (4) G3 (1) G5 (1)
0422033439,BE0422 033 439,Rik De Keyser NV,30595,Merksplassesteenweg 18,B 2310,Rijkevorsel,02/10/2024,,D (6) D1 (6) E (3) G (3)
0428583414,BE0428 583 414,INGENIERIE ET CONSTRUCTION MASSET SA,40210,Rue de Saint-Donat 18,B 5640,Mettet,11/04/2024,,D (8) D1 (8) E (5) F (8) F2 (8) G (5)
0438162757,BE0438 162 757,MTS - SYSTEMS GEPA NV,40734,Lichtenberglaan 2049,B 3800,Sint-Truiden,10/09/2020,,D (6) D1 (6) E (3) F (6) F2 (6) G (3)
0452635157,BE0452 635 157,ENVIRONNEMENT - ECOLOGIE - CURAGE SA,#9463,Rue du Tronquoy 47,B 5380,Fernelmont,04/06/2024,03/02/2026,D (6) D1 (6) D7 (6)
0452702265,BE0452 702 265,STADSBADER CONTRACTORS BV,20912,Antoon van Osslaan 1,B 1120,Brussel,10/07/2023,,A (5) B (8) B1 (8) C (8) C1 (8) C2 (6) C3 (8) C5 (8) C6 (5) C7 (3) D (8) D1 (8) D11 (2) D13 (6) D20 (6) D23 (5) D24 (2) D29 (4) D7 (2) E (8) E1 (8) E2 (8) E4 (8) F (8) F1 (6) F2 (8) F3 (6) G (8) G1 (4) G2 (8) G3 (5) G5 (8) H (8) H2 (7) K1 (6) K2 (4) L1 (4) N1 (6) P1 (8) P2 (8) P3 (6) S1 (6) S4 (2)
0443511417,BE0443 511 417,NORBERT VAN DE WALLE BV,21126,Provinciebaan 331,B 9620,Zottegem,08/07/2024,,D (6) D1 (6) D10 (2) D11 (2) D13 (3) D20 (3) D4 (5) D5 (5) E (3) G (3)
0403419634,BE0403 419 634,Algeco Belgium NV,41794,Schoebroekstraat 34-36,B 3583,Beringen,07/03/2022,,D (6) D1 (6) D16 (1) D17 (1) D20 (1) E (3) G (3) P1 (1)
0452893196,BE0452 893 196,Rc RENO SA,26247,Rue du Cimetière 15,B 5590,Ciney,05/06/2024,,C (1) C1 (1) C2 (1) D (6) D1 (6) D10 (1) D13 (1) D21 (6) D24 (6) E (5) E1 (5) G (3) M1 (1)
0447557901,BE0447 557 901,AANNEMINGSBEDRIJF NORRE-BEHAEGEL NV,21757,Koninklijke baan 196,B 8434,Middelkerke,17/11/2022,,C (8) C1 (8) C5 (8) D (6) D1 (6) E (3) G (5) G2 (1) G3 (3)
0439608651,BE0439 608 651,DERO CONSTRUCT NV,22192,Lokerenbaan 39,B 9240,Zele,10/09/2020,,C (5) C1 (5) C5 (2) D (8) D1 (8) D20 (6) D24 (1) D5 (1) D7 (1) E (8) E1 (8) F (6) F2 (6) G (5)
0405567391,BE0405 567 391,GOVAR - INDUSTRIEBOUW BV,22401,Izegemsestraat 35,B 8850,Ardooie,11/04/2022,,D (6) D1 (6) D10 (1) D11 (1) D12 (1) D20 (1) D21 (1) D4 (1) D5 (1) D8 (1) E (3) E2 (1) F (4) F1 (1) F2 (4) G (3) G5 (1)
0454187058,BE0454 187 058,MAISONS BLAVIER SA,22299,Rue du Vieux Moulin 66,B 1160,Auderghem,06/07/2020,,C3 (1) C5 (1) C7 (1) D (6) D1 (6) D16 (1) D17 (1) D18 (1) D4 (1) E (3) G (3) G5 (1) P1 (1)
0456379258,BE0456 379 258,TS CONSTRUCT SRL SRL,22523,Rue Pré du Pont(Jod.) 24,B 1370,Jodoigne,05/10/2023,,D (6) D1 (6) D10 (1) D11 (1) D12 (1) D14 (1) D16 (1) D17 (1) D22 (1) D5 (1) D8 (1) E (3) G (3) G5 (1) P1 (1)
0457185744,BE0457 185 744,Thomas & Piron RENOVATION SA,33694,Rue de la Briqueterie 28,B 5564,Houyet,19/12/2022,,D (8) D1 (8) D10 (5) D11 (5) D12 (4) D16 (5) D18 (6) D20 (6) D24 (5) D4 (6) D5 (6) D7 (4) D8 (4) E (5) G (5) P1 (6) P2 (4) P3 (4) S1 (4)
0453218345,BE0453 218 345,TRADECO BELGIUM SA,22996,Drève Gustave Fache 5,B 7700,Mouscron,04/12/2023,,D (8) D1 (8) D10 (1) D11 (1) D12 (1) D14 (1) D16 (1) D17 (1) D18 (1) D20 (4) D21 (1) D22 (1) D24 (1) D4 (1) D5 (4) D7 (4) D8 (1) E (5) G (5) G5 (1) P1 (1)
0432795192,BE0432 795 192,VANDEN BUSSCHE INDUSTRIEBOUW NV,23064,Welvaartstraat 1,B 8630,Veurne,09/12/2022,,D (6) D1 (6) D5 (1) E (3) G (3)
0458994892,BE0458 994 892,IBENS NV,23069,Marialei 11 bus 1,B 2018,Antwerpen,09/11/2023,,D (8) D1 (8) E (5) G (5)
0412558420,BE0412 558 420,MYLDES SRL,23305,rue Jules Vantieghem 114,B 7711,Mouscron,15/10/2024,,C (1) C1 (1) D (7) D1 (7) E (4) F (4) F2 (4) G (6)
0454643849,BE0454 643 849,HERO CONSTRUCT NV,24266,Reihagenstraat 1,B 9200,Dendermonde,11/04/2022,,C (3) C1 (3) D (7) D1 (7) E (4) G (4)
0441449473,BE0441 449 473,ETABLISSEMENTS MALICE SA,23890,Avenue du Marly 15,B 1120,Bruxelles,09/09/2020,,B (1) B1 (1) C (1) C1 (1) D (6) D1 (6) D10 (3) D11 (3) D12 (4) D13 (3) D14 (1) D15 (1) D16 (5) D17 (4) D18 (4) D20 (5) D22 (2) D23 (1) D24 (1) D25 (1) D29 (1) D4 (2) D5 (4) D6 (1) D7 (3) D8 (3) E (3) F2 (1) G (3) G2 (2) G5 (3) P1 (4) P2 (2) P3 (2) S1 (2)
0461003485,BE0461 003 485,Ageres NV,24113,Steenovenstraat 2A,B 2390,Malle,07/02/2024,,D (6) D1 (6) D16 (1) D4 (3) D5 (3) E (3) G (3) P1 (1) S1 (1)
0437421104,BE0437 421 104,ALIBO NV,29241,Industriestraat 2,B 2500,Lier,04/02/2021,,D (6) D1 (6) D10 (1) D11 (1) D12 (1) D13 (1) D16 (1) D17 (1) D18 (1) D20 (1) D4 (4) D5 (5) D8 (1) E (3) G (3)
0462192429,BE0462 192 429,BOUW PAUL HUYZENTRUYT NV,24676,Grote Heerweg 2,B 8791,Waregem,12/05/2020,,D (6) D1 (6) E (3) G (3)
0418169077,BE0418 169 077,BOUWONDERNEMING OOMS NV,32926,Oostmalsesteenweg 220,B 2310,Rijkevorsel,10/09/2020,,D (7) D1 (7) D10 (1) D15 (1) D20 (1) D21 (1) D4 (1) D5 (1) D8 (1) E (4) G (4)
0453446294,BE0453 446 294,FRANSEN BOUWONDERNEMING NV,25823,Beyntel 5,B 2360,Oud-Turnhout,02/10/2024,,D (6) D1 (6) D10 (1) D15 (1) D20 (1) D21 (1) D23 (1) D24 (1) D4 (1) E (3) G (3)
0452418589,BE0452 418 589,ALTEZ NV,26050,Szamotulystraat 5,B 8700,Tielt,10/11/2021,,D (7) D1 (7) E (4) G (4)
0466257521,BE0466 257 521,BOUWBEDRIJF VAN POPPEL NV,25407,Oude Liersebaan 233,B 2800,Mechelen,09/12/2022,,D (7) D1 (7) D24 (5) E (4) G (4)
0859869762,BE0859 869 762,WILLEMEN CONSTRUCT NV,25406,Boerenkrijgstraat 133,B 2800,Mechelen,13/09/2022,,D (8) D1 (8) E (5) G (5)
0424078555,BE0424 078 555,Galère SRL,29158,Rue Joseph Dupont 73,B 4053,Chaudfontaine,14/11/2023,,A (5) B (8) B1 (8) C (8) C1 (8) C2 (7) C3 (6) C5 (7) C7 (4) D (8) D1 (8) D20 (8) D21 (5) D23 (4) D24 (8) D29 (5) D4 (8) D5 (8) D7 (7) E (8) E1 (8) E2 (8) E4 (6) F (8) F1 (6) F2 (8) F3 (5) G (8) G1 (6) G2 (7) G3 (5) G5 (8) H (8) K (6) K2 (5) U (1) V (1)
0468501486,BE0468 501 486,BOUWONDERNEMING CATTEEU BV,25794,Hogebrugstraat 48,B 8647,Lo-Reninge,11/04/2022,,D (6) D1 (6) E (3) G (3)
0415667368,BE0415 667 368,La Maçonnerie de Hesbaye SPRL,26326,Rue de France 11,B 4280,Hannut,14/04/2022,,D (6) D1 (6) E (3) G (3)
0449124945,BE0449 124 945,GEDAN BV,26458,Oude Brugseweg 246,B 8460,Oudenburg,09/11/2023,,D (6) D1 (6) D10 (1) D11 (1) D14 (1) D5 (1) D8 (1) E (3) G (3) G5 (1)
0452986436,BE0452 986 436,BALFROID - MAGNEE SPRL,26408,Rue Jean Meunier 10,B 6922,Wellin,24/09/2024,,D (6) D1 (6) D10 (1) D11 (1) D16 (1) D17 (1) D18 (1) D21 (1) D4 (1) D5 (3) E (3) G (3) G2 (1) G3 (1) G4 (1)
0475647418,BE0475 647 418,LAURENTY Bâtiments Gebouwen SA,30169,Mont Saint-Martin 73,B 4000,Liège,05/10/2023,,C1 (1) D (8) D1 (8) D10 (2) D11 (1) D12 (1) D13 (7) D16 (2) D18 (2) D20 (2) D21 (1) D24 (1) D25 (2) D29 (1) D4 (7) D5 (4) D7 (3) D8 (5) E (5) F1 (1) G (5) G5 (3) P1 (3) P2 (1) P3 (1) S1 (1)
0467183375,BE0467 183 375,BATIFER SPRL,30279,Zoning Le Cerisier 9,B 6890,Libin,01/07/2020,,D (7) D1 (7) E (4) G (4)
0417644683,BE0417 644 683,BORG - BOUW NV,31027,Achterstenhoek 34,B 2275,Lille,05/11/2020,,D (6) D1 (6) D20 (1) D21 (1) D23 (1) D24 (5) D5 (5) E (3) G (3)
0449550359,BE0449 550 359,IBS INDUSTRIAL NV,27140,Slekkenstraat 12,B 9120,Beveren,10/09/2024,,D (8) D1 (8) E (8) E1 (8) F (8) F2 (8) G (5)
0474288230,BE0474 288 230,BOUWWERKEN DE RAEDT IVAN NV,27386,Textielstraat 5,B 9240,Zele,09/04/2024,,C1 (1) C2 (1) C5 (1) D (6) D1 (6) D11 (1) D12 (4) D15 (1) D16 (1) D20 (1) D21 (1) D22 (4) D29 (1) D4 (1) D5 (1) D7 (1) D8 (5) E (3) G (3) P1 (1)
0479430220,BE0479 430 220,ENTREPRISE MARC TAVIET SPRL,28811,Rue des Artisans 26Bte14,B 5150,Floreffe,09/11/2020,,C1 (3) D (6) D1 (6) D11 (3) D12 (3) D13 (1) D16 (2) D17 (4) D18 (3) D20 (4) D24 (5) D4 (3) D5 (3) D7 (2) D8 (4) E (3) G (3) N1 (1) P1 (3) P2 (1) P3 (1) S1 (1)
0475239919,BE0475 239 919,BUILDING & PARTNERS NV,29990,Everselstraat 141,B 3580,Beringen,13/09/2022,,D (7) D1 (7) E (4) G (4)
0452735622,BE0452 735 622,CONSTRUCTION METALLIQUE MAHIEU SPRL,31913,Rue des Rubaniers 2,B 7780,Comines-Warneton,19/12/2022,,D (7) D1 (7) E (4) F (7) F2 (7) G (4)
0449015869,BE0449 015 869,SOCIETE D'ETUDES ET DE REALISATION DE BATIMENTS INDUSTRIELS SA,28631,Rue du Bosquet 3,B 4890,Thimister-Clermont,03/12/2021,,D (7) D1 (7) D24 (1) D29 (1) E (4) F1 (1) F2 (1) G (4) P1 (1) P2 (1)
0438227192,BE0438 227 192,K & W CONSTRUCTION NV,33164,Eekhoutstraat 9,B 9790,Wortegem-Petegem,10/11/2021,,D (7) D1 (7) E (4) G (4)
0462933191,BE0462 933 191,TRBA SA,33441,Rue de l'Europe 6,B 7600,Péruwelz,11/03/2024,,A (8) B (8) B1 (8) C (8) C1 (8) C2 (8) C3 (8) C5 (8) C6 (5) C7 (5) D (8) D1 (8) E (8) E1 (8) E2 (8) F2 (1) G (8) G2 (8) G3 (6) G4 (6) G5 (8) H (7) L2 (7) P1 (6) P2 (8) P3 (6) S1 (6) V (4)
0473551525,BE0473 551 525,CDI SA,34587,Chemin de la Guelenne 66 bte A,B 7060,Soignies,12/09/2023,,C (1) C1 (1) C3 (1) C5 (1) C7 (1) D (6) D1 (6) D6 (1) D7 (1) E (3) G (3) G1 (1) G2 (1) G4 (1) G5 (1) P1 (1) P2 (1) P3 (1) P4 (1)
0862207858,BE0862 207 858,BEEUWSAERT CONSTRUCT BV,33742,Nijverheidslaan 3,B 8880,Ledegem,13/09/2022,,D (8) D1 (8) E (5) F (5) F2 (5) G (5)
0463175394,BE0463 175 394,ecohuis BV,37180,Oud-Strijderslaan 207,B 2200,Herentals,11/04/2023,,D (6) D1 (6) E (3) G (3)
0885778858,BE0885 778 858,ALGEMENE BOUW MAES NV,33370,Foreestelaan 86 bus 101,B 9000,Gent,01/12/2021,,D (8) D1 (8) D12 (1) D13 (1) D22 (1) D24 (1) D4 (7) D5 (8) D8 (1) E (5) G (5) G5 (1)
0421264763,BE0421 264 763,EDIBO NV,30989,Maatheide 74,B 3920,Lommel,04/06/2024,,D (7) D1 (7) D22 (1) E (4) F (7) F2 (7) G (4)
0892626761,BE0892 626 761,CONCEPT BUILDING & SERVICES BV,33888,Siemenslaan 12,B 3650,Dilsen-Stokkem,07/02/2024,,C (1) C1 (1) D (6) D1 (6) D10 (3) D12 (1) D16 (3) D20 (3) D22 (1) D24 (1) D4 (2) D5 (3) D8 (2) E (3) F (1) F1 (1) F2 (1) G (3) G4 (1) P1 (3) P2 (1) P3 (1) S1 (1)
0439218473,BE0439 218 473,STABILAME SA,31693,Rue du Karting des Fagnes 5,B 5660,Couvin,20/06/2022,,D (7) D1 (7) D4 (1) D5 (6) E (4) G (4)
0462183422,BE0462 183 422,IBB Baugesellschaft Sàrl,32220,Giällewee 6,L 9749,Fischbach,06/07/2021,,D (8) D1 (8) D14 (1) D15 (1) D20 (5) D4 (5) D5 (6) E (5) G (5)
0821547933,BE0821 547 933,KRINKELS NV,12400,Auguste Reyerslaan 80,B 1030,Schaarbeek,22/09/2022,,A (1) B (4) B1 (4) C (8) C1 (8) C2 (2) C3 (5) C5 (5) D (6) D1 (6) D24 (6) E (7) E1 (7) F (3) F2 (3) G (7) G3 (8) G4 (7) P1 (1) P2 (3) P3 (1) S1 (1)
0452851626,BE0452 851 626,PELLIKAAN HOLDING BELGIE NV,32527,Excelsiorlaan 1,B 1930,Zaventem,11/10/2021,,D (8) D1 (8) E (5) G (5)
0883592992,BE0883 592 992,VEGAUDI BV,34547,Pulsebaan 41 bus 1,B 2242,Zandhoven,06/09/2021,,D (6) D1 (6) D16 (2) D17 (2) D18 (2) D24 (6) E (3) G (3) P1 (2) P2 (1)
0824599671,BE0824 599 671,PHENICKS SRL,37635,Rue Tienne Bricout 15 Bte 21,B 6001,Marcinelle,18/03/2024,,D (6) D1 (6) D12 (5) D21 (1) D8 (4) E (3) G (3)
0898695397,BE0898 695 397,Dillen Bouwteam NV,32834,Puttestraat 15,B 2490,Balen,08/01/2024,,C (1) C1 (1) D (6) D1 (6) D10 (1) D11 (1) D14 (1) D15 (1) D16 (1) D18 (1) D20 (1) D23 (1) D24 (1) D4 (1) D5 (5) D8 (1) E (3) G (3)
0880453756,BE0880 453 756,Bouwwerken De Ruyck BV,32862,Edingsesteenweg 509 bus A,B 9400,Ninove,05/10/2022,,D (6) D1 (6) D10 (1) D11 (2) D12 (6) D21 (1) D22 (1) D24 (5) D4 (4) D5 (1) D8 (6) E (3) G (3) G5 (1)
0816885696,BE0816 885 696,MACHIELS BUILDING SOLUTIONS NV,37671,Ekkelgaarden 16,B 3500,Hasselt,08/07/2024,,D (6) D1 (6) D12 (1) D4 (1) D5 (6) E (3) G (3)
0848106236,BE0848 106 236,Vandezande Construct BV,37466,O.-L.-Vrouwstraat 18,B 3054,Oud-Heverlee,10/11/2021,,D (6) D1 (6) D13 (1) D21 (1) D23 (1) D24 (1) D25 (1) E (3) G (3)
0848805725,BE0848 805 725,Thomas & Piron Bâtiments SA,34826,Rue du Fort d'Andoy 5,B 5100,Namur,11/04/2024,,C1 (6) C2 (6) C6 (5) D (8) D1 (8) D10 (8) D11 (7) D12 (5) D13 (1) D16 (8) D17 (7) D18 (7) D20 (7) D22 (4) D29 (1) D4 (1) D5 (8) D7 (1) D8 (6) E (5) E1 (1) E2 (5) G (5) G5 (5) P1 (1)
0631741994,BE0631 741 994,AKSIS BV,36187,Sluis 15,B 9810,Eke,05/03/2024,,D (6) D1 (6) D13 (3) D20 (1) D21 (1) D25 (1) D4 (4) D5 (4) E (3) F3 (1) G (3)
0844980361,BE0844 980 361,VAN DE WALLE INDUSTRIAL BUILDING CONTRACTOR BV,39650,Knokkebaan 25 bus B,B 9880,Aalter,09/04/2024,,D (7) D1 (7) E (4) F (6) F1 (1) F2 (6) G (4)
0427768515,BE0427 768 515,ROELANDT INTERIEURBOUW NV,37808,Industrielaan 13,B 9620,Zottegem,13/09/2022,,D (6) D1 (6) D13 (1) D15 (1) D20 (1) D24 (1) D25 (1) D4 (3) D5 (1) E (3) G (3)
0471952114,BE0471 952 114,A.K.P. NV,38849,Biesbosstraat 6,B 3670,Meeuwen-Gruitrode,08/09/2023,,D (6) D1 (6) E (3) F (5) F2 (5) G (3)
0692939888,BE0692 939 888,MEULEMAN & CO BV,44193,Stasegemsesteenweg 17,B 8500,Kortrijk,02/10/2024,,D (6) D1 (6) D13 (6) D23 (1) D24 (1) D25 (5) D4 (6) D5 (6) E (3) G (3)
0477199121,BE0477 199 121,CHIMSCO SA,39394,rue de la Station 16,B 5575,Gedinne,11/01/2024,,D (6) D1 (6) D12 (1) D14 (1) D20 (2) D4 (1) D5 (1) D8 (1) E (3) G (3)
0524683094,BE0524 683 094,MeHa BV,43972,Ambachtenstraat 3,B 2260,Westerlo,08/07/2024,,D (6) D1 (6) E (3) G (3)
0428930040,BE0428 930 040,EAU-COURANT scrl,41772,Rue de la Borne 30,B 1080,Molenbeek-Saint-Jean,09/02/2022,,D (6) D1 (6) D17 (2) D4 (3) D5 (3) E (3) G (3)
0744695427,BE0744 695 427,DC BOUW BV,#9972,Kroonstraat 170,B 3020,Herent,05/03/2024,04/11/2025,D (7) D1 (7) D5 (7) E (7) G (7)
0805996160,BE0805 996 160,Van Roey NV,43386,Oostmalsesteenweg 261,B 2310,Rijkevorsel,08/01/2024,,C (8) C1 (8) C5 (5) D (8) D1 (8) D16 (8) D17 (8) D18 (8) D24 (8) E (8) E1 (8) G (5) P1 (8) P2 (6) P3 (6) S1 (6)
0473786503,BE0473 786 503,JOHAN MICHIELSEN BEDRIJFSGEBOUWEN BV,44203,Industrieweg 30,B 2320,Hoogstraten,02/10/2024,,D (6) D1 (6) D20 (5) D22 (5) D4 (4) E (3) E2 (3) F (6) F1 (1) F2 (6) G (3)
